utility_id,utility_name,state,fiscal_year,total_revenue,total_expenses,net_income,total_assets,total_liabilities,total_equity,operating_margin,debt_to_assets
293ab392-ac45-4c8d-8f7c-a5c93ee0ae35,City IL Water and Sewer Department,IL,2024,75099224.24,65699531.59,9399692.66,1081727469.49,503705972.28,578021497.21,12.52,46.56
293ab392-ac45-4c8d-8f7c-a5c93ee0ae35,City IL Water and Sewer Department,IL,2023,72464209.92,61844563.55,10619646.37,605557798.23,334285250.66,271272547.56,14.66,55.2
293ab392-ac45-4c8d-8f7c-a5c93ee0ae35,City IL Water and Sewer Department,IL,2022,69921650.62,53521373.36,16400277.26,591633389.94,265515111.32,326118278.62,23.46,44.88
293ab392-ac45-4c8d-8f7c-a5c93ee0ae35,City IL Water and Sewer Department,IL,2021,67468302.36,54284807.74,13183494.62,706225580.74,299302438.24,406923142.5,19.54,42.38
293ab392-ac45-4c8d-8f7c-a5c93ee0ae35,City IL Water and Sewer Department,IL,2020,65101034.99,52161309.94,12939725.05,792203227.39,376217675.29,415985552.1,19.88,47.49
293ab392-ac45-4c8d-8f7c-a5c93ee0ae35,City IL Water and Sewer Department,IL,2019,62816828.18,52273452.7,10543375.48,865465801.96,433151430.76,432314371.2,16.78,50.05
293ab392-ac45-4c8d-8f7c-a5c93ee0ae35,City IL Water and Sewer Department,IL,2018,60612767.57,46282825.62,14329941.95,612935983.43,334962419.8,277973563.63,23.64,54.65
293ab392-ac45-4c8d-8f7c-a5c93ee0ae35,City IL Water and Sewer Department,IL,2017,58486041.06,48108774.12,10377266.95,735822277.14,419363927.43,316458349.71,17.74,56.99
293ab392-ac45-4c8d-8f7c-a5c93ee0ae35,City IL Water and Sewer Department,IL,2016,56433935.23,49796997.39,6636937.84,816122088.46,484275991.47,331846097.0,11.76,59.34
293ab392-ac45-4c8d-8f7c-a5c93ee0ae35,City IL Water and Sewer Department,IL,2015,54453831.85,44381983.17,10071848.69,555620814.68,251746677.98,303874136.69,18.5,45.31
6d9c14db-da03-4b1a-94ba-6758104082d1,Greater PA Water Company,PA,2024,142443133.66,122688425.85,19754707.8,1793441992.78,746023169.01,1047418823.77,13.87,41.6
6d9c14db-da03-4b1a-94ba-6758104082d1,Greater PA Water Company,PA,2023,138213090.97,119413928.97,18799162.0,1693976443.38,960110994.86,733865448.52,13.6,56.68
6d9c14db-da03-4b1a-94ba-6758104082d1,Greater PA Water Company,PA,2022,134108665.15,112502748.61,21605916.54,1742388135.04,762738528.42,979649606.62,16.11,43.78
6d9c14db-da03-4b1a-94ba-6758104082d1,Greater PA Water Company,PA,2021,130126125.84,99025156.85,31100968.99,1922802983.67,900074912.68,1022728070.99,23.9,46.81
6d9c14db-da03-4b1a-94ba-6758104082d1,Greater PA Water Company,PA,2020,126261853.45,104410087.05,21851766.4,1687888799.18,698651919.48,989236879.7,17.31,41.39
6d9c14db-da03-4b1a-94ba-6758104082d1,Greater PA Water Company,PA,2019,122512335.9,103589570.11,18922765.79,1777748277.48,819448889.84,958299387.64,15.45,46.09
6d9c14db-da03-4b1a-94ba-6758104082d1,Greater PA Water Company,PA,2018,118874165.37,96367523.89,22506641.48,1294309059.92,730737820.72,563571239.2,18.93,56.46
6d9c14db-da03-4b1a-94ba-6758104082d1,Greater PA Water Company,PA,2017,115344035.26,98013157.21,17330878.05,1114713845.55,602095483.62,512618361.93,15.03,54.01
6d9c14db-da03-4b1a-94ba-6758104082d1,Greater PA Water Company,PA,2016,111918737.17,91796902.9,20121834.28,1426831895.62,713090087.02,713741808.6,17.98,49.98
6d9c14db-da03-4b1a-94ba-6758104082d1,Greater PA Water Company,PA,2015,108595157.97,87948089.06,20647068.92,1018637625.56,496927946.81,521709678.75,19.01,48.78
2372bfa6-af8d-41ad-b375-3bc957db48a7,Metro OK Regional Water Authority,OK,2024,853704223.97,648929606.34,204774617.63,7868118384.4,4391085309.15,3477033075.24,23.99,55.81
2372bfa6-af8d-41ad-b375-3bc957db48a7,Metro OK Regional Water Authority,OK,2023,815979595.04,713402506.6,102577088.43,12174693909.96,5131053813.38,7043640096.58,12.57,42.15
2372bfa6-af8d-41ad-b375-3bc957db48a7,Metro OK Regional Water Authority,OK,2022,779921992.67,603162103.15,176759889.52,10695733952.23,5292057410.46,5403676541.77,22.66,49.48
2372bfa6-af8d-41ad-b375-3bc957db48a7,Metro OK Regional Water Authority,OK,2021,745457752.08,592856981.98,152600770.1,10900979414.86,5033354949.18,5867624465.67,20.47,46.17
2372bfa6-af8d-41ad-b375-3bc957db48a7,Metro OK Regional Water Authority,OK,2020,712516463.64,607283008.83,105233454.81,6288341635.26,2888650079.5,3399691555.76,14.77,45.94
2372bfa6-af8d-41ad-b375-3bc957db48a7,Metro OK Regional Water Authority,OK,2019,681030829.1,535055746.6,145975082.5,7657106531.69,4091819518.45,3565287013.23,21.43,53.44
2372bfa6-af8d-41ad-b375-3bc957db48a7,Metro OK Regional Water Authority,OK,2018,650936524.07,504079139.92,146857384.15,9002516290.34,4783125003.85,4219391286.49,22.56,53.13
2372bfa6-af8d-41ad-b375-3bc957db48a7,Metro OK Regional Water Authority,OK,2017,622172066.61,519161560.08,103010506.53,6289149347.17,2562708388.06,3726440959.11,16.56,40.75
2372bfa6-af8d-41ad-b375-3bc957db48a7,Metro OK Regional Water Authority,OK,2016,594678691.64,490890170.6,103788521.04,6906384001.92,2846543298.71,4059840703.2,17.45,41.22
2372bfa6-af8d-41ad-b375-3bc957db48a7,Metro OK Regional Water Authority,OK,2015,568400230.85,461495041.29,106905189.56,5245004928.67,2613501096.56,2631503832.11,18.81,49.83
7d68dc68-d86c-4267-b04a-050115e10b98,Metro GA Water System,GA,2024,207517426.03,156210420.64,51307005.39,2247870376.67,1298054706.88,949815669.8,24.72,57.75
7d68dc68-d86c-4267-b04a-050115e10b98,Metro GA Water System,GA,2023,205108184.94,164322403.89,40785781.05,1920158501.85,770815343.84,1149343158.0,19.89,40.14
7d68dc68-d86c-4267-b04a-050115e10b98,Metro GA Water System,GA,2022,202726914.73,160309774.1,42417140.63,2439449896.35,1300146738.01,1139303158.33,20.92,53.3
7d68dc68-d86c-4267-b04a-050115e10b98,Metro GA Water System,GA,2021,200373290.65,162217355.89,38155934.75,2704384194.67,1162868428.01,1541515766.66,19.04,43.0
7d68dc68-d86c-4267-b04a-050115e10b98,Metro GA Water System,GA,2020,198046991.73,149385374.5,48661617.23,2217543674.18,1178446437.68,1039097236.5,24.57,53.14
7d68dc68-d86c-4267-b04a-050115e10b98,Metro GA Water System,GA,2019,195747700.73,174641847.4,21105853.33,1938164077.65,945708054.72,992456022.93,10.78,48.79
7d68dc68-d86c-4267-b04a-050115e10b98,Metro GA Water System,GA,2018,193475104.11,153192643.24,40282460.87,2787594628.68,1534493941.19,1253100687.49,20.82,55.05
7d68dc68-d86c-4267-b04a-050115e10b98,Metro GA Water System,GA,2017,191228891.93,147582362.52,43646529.41,2372958761.81,1016455637.42,1356503124.39,22.82,42.83
7d68dc68-d86c-4267-b04a-050115e10b98,Metro GA Water System,GA,2016,189008757.88,168308533.55,20700224.33,2106749553.64,1117281356.24,989468197.4,10.95,53.03
7d68dc68-d86c-4267-b04a-050115e10b98,Metro GA Water System,GA,2015,186814399.21,162361569.99,24452829.22,1732044160.38,739040112.25,993004048.13,13.09,42.67
439fe16c-264f-4c3e-8eb7-1be94a00570b,Central PA Water Department,PA,2024,113020555.98,97160917.92,15859638.06,1394814608.6,679751320.54,715063288.06,14.03,48.73
439fe16c-264f-4c3e-8eb7-1be94a00570b,Central PA Water Department,PA,2023,110050453.94,94799925.37,15250528.57,1504844433.49,645452901.0,859391532.49,13.86,42.89
439fe16c-264f-4c3e-8eb7-1be94a00570b,Central PA Water Department,PA,2022,107158404.12,93357912.87,13800491.25,1357061643.38,561308370.97,795753272.42,12.88,41.36
439fe16c-264f-4c3e-8eb7-1be94a00570b,Central PA Water Department,PA,2021,104342355.38,81851595.39,22490759.99,1373486773.98,681325773.13,692161000.85,21.55,49.61
439fe16c-264f-4c3e-8eb7-1be94a00570b,Central PA Water Department,PA,2020,101600310.45,81218400.07,20381910.38,1128076926.91,505728679.12,622348247.79,20.06,44.83
439fe16c-264f-4c3e-8eb7-1be94a00570b,Central PA Water Department,PA,2019,98930324.56,76977729.74,21952594.82,1295376172.0,712025849.69,583350322.31,22.19,54.97
439fe16c-264f-4c3e-8eb7-1be94a00570b,Central PA Water Department,PA,2018,96330504.06,78504264.65,17826239.41,1221492798.22,600173578.67,621319219.55,18.51,49.13
439fe16c-264f-4c3e-8eb7-1be94a00570b,Central PA Water Department,PA,2017,93799005.04,70926946.36,22872058.68,1222887677.97,647548241.51,575339436.46,24.38,52.95
439fe16c-264f-4c3e-8eb7-1be94a00570b,Central PA Water Department,PA,2016,91334032.06,72456000.96,18878031.1,1051244998.3,563004462.67,488240535.63,20.67,53.56
439fe16c-264f-4c3e-8eb7-1be94a00570b,Central PA Water Department,PA,2015,88933836.87,73711946.69,15221890.18,887031926.91,431442372.23,455589554.68,17.12,48.64
bb67f714-8c8b-441d-a28f-29340d31fadd,Metro UT Water and Power Department,UT,2024,388089646.52,345743548.39,42346098.13,4628064479.77,2633643130.55,1994421349.21,10.91,56.91
bb67f714-8c8b-441d-a28f-29340d31fadd,Metro UT Water and Power Department,UT,2023,382583674.76,304989623.19,77594051.57,5520451908.29,2578491386.4,2941960521.88,20.28,46.71
bb67f714-8c8b-441d-a28f-29340d31fadd,Metro UT Water and Power Department,UT,2022,377155818.26,329269032.4,47886785.86,3522334732.8,1817343106.27,1704991626.53,12.7,51.59
bb67f714-8c8b-441d-a28f-29340d31fadd,Metro UT Water and Power Department,UT,2021,371804968.78,279218403.28,92586565.5,3946108150.42,1585725160.63,2360382989.79,24.9,40.18
bb67f714-8c8b-441d-a28f-29340d31fadd,Metro UT Water and Power Department,UT,2020,366530033.78,277603111.17,88926922.61,3026989018.65,1233978150.51,1793010868.14,24.26,40.77
bb67f714-8c8b-441d-a28f-29340d31fadd,Metro UT Water and Power Department,UT,2019,361329936.24,307493601.13,53836335.11,5303259715.16,2330040252.96,2973219462.2,14.9,43.94
bb67f714-8c8b-441d-a28f-29340d31fadd,Metro UT Water and Power Department,UT,2018,356203614.42,286026899.66,70176714.75,4598252979.53,1895455734.06,2702797245.47,19.7,41.22
bb67f714-8c8b-441d-a28f-29340d31fadd,Metro UT Water and Power Department,UT,2017,351150021.62,277402926.81,73747094.81,3863143868.22,1943054675.19,1920089193.04,21.0,50.3
bb67f714-8c8b-441d-a28f-29340d31fadd,Metro UT Water and Power Department,UT,2016,346168126.02,305269405.08,40898720.94,4060667840.44,2212128200.71,1848539639.73,11.81,54.48
bb67f714-8c8b-441d-a28f-29340d31fadd,Metro UT Water and Power Department,UT,2015,341256910.42,305231411.68,36025498.73,4451967891.68,2331826385.74,2120141505.93,10.56,52.38
6bc45aa7-89e1-4682-b46f-8b26248448ed,Central FL Water Resources Authority,FL,2024,90494275.89,68085105.3,22409170.59,1063947123.41,458781545.8,605165577.6,24.76,43.12
6bc45aa7-89e1-4682-b46f-8b26248448ed,Central FL Water Resources Authority,FL,2023,86621041.4,70934994.34,15686047.05,1013447560.24,577972030.11,435475530.13,18.11,57.03
6bc45aa7-89e1-4682-b46f-8b26248448ed,Central FL Water Resources Authority,FL,2022,82913584.74,71591283.52,11322301.22,1007890764.49,439380087.4,568510677.09,13.66,43.59
6bc45aa7-89e1-4682-b46f-8b26248448ed,Central FL Water Resources Authority,FL,2021,79364810.49,71370542.65,7994267.84,799016960.76,363495568.1,435521392.66,10.07,45.49
6bc45aa7-89e1-4682-b46f-8b26248448ed,Central FL Water Resources Authority,FL,2020,75967926.89,63351583.57,12616343.32,1067888995.09,623708358.87,444180636.23,16.61,58.41
6bc45aa7-89e1-4682-b46f-8b26248448ed,Central FL Water Resources Authority,FL,2019,72716432.89,64253216.36,8463216.53,961562408.14,406291678.45,555270729.69,11.64,42.25
6bc45aa7-89e1-4682-b46f-8b26248448ed,Central FL Water Resources Authority,FL,2018,69604105.69,54166905.56,15437200.13,571608261.25,266586676.94,305021584.31,22.18,46.64
6bc45aa7-89e1-4682-b46f-8b26248448ed,Central FL Water Resources Authority,FL,2017,66624988.83,50720667.09,15904321.75,622552900.87,309461121.39,313091779.48,23.87,49.71
6bc45aa7-89e1-4682-b46f-8b26248448ed,Central FL Water Resources Authority,FL,2016,63773380.79,49436170.7,14337210.09,592529541.16,308592620.53,283936920.63,22.48,52.08
6bc45aa7-89e1-4682-b46f-8b26248448ed,Central FL Water Resources Authority,FL,2015,61043824.08,52395958.2,8647865.88,615118340.4,358675587.53,256442752.87,14.17,58.31
389dd188-446a-4e9a-af32-0d0495062e6f,South IL Water Commission,IL,2024,27257935.72,24115242.34,3142693.39,274083752.69,131059355.27,143024397.42,11.53,47.82
389dd188-446a-4e9a-af32-0d0495062e6f,South IL Water Commission,IL,2023,26128687.39,22905753.13,3222934.26,227313998.29,100250992.31,127063005.97,12.33,44.1
389dd188-446a-4e9a-af32-0d0495062e6f,South IL Water Commission,IL,2022,25046221.82,22493346.1,2552875.72,353394086.37,200767942.96,152626143.41,10.19,56.81
389dd188-446a-4e9a-af32-0d0495062e6f,South IL Water Commission,IL,2021,24008600.9,19363347.17,4645253.73,349600148.54,149018314.83,200581833.71,19.35,42.63
389dd188-446a-4e9a-af32-0d0495062e6f,South IL Water Commission,IL,2020,23013966.79,18674068.86,4339897.93,205205375.48,89758856.49,115446518.99,18.86,43.74
389dd188-446a-4e9a-af32-0d0495062e6f,South IL Water Commission,IL,2019,22060538.62,19128231.07,2932307.55,242126365.5,138273390.6,103852974.9,13.29,57.11
389dd188-446a-4e9a-af32-0d0495062e6f,South IL Water Commission,IL,2018,21146609.31,18023354.56,3123254.75,310661966.41,130518882.37,180143084.04,14.77,42.01
389dd188-446a-4e9a-af32-0d0495062e6f,South IL Water Commission,IL,2017,20270542.48,16915620.42,3354922.06,287535816.85,161102338.63,126433478.22,16.55,56.03
389dd188-446a-4e9a-af32-0d0495062e6f,South IL Water Commission,IL,2016,19430769.55,15473700.16,3957069.39,248780998.81,104144025.09,144636973.72,20.36,41.86
389dd188-446a-4e9a-af32-0d0495062e6f,South IL Water Commission,IL,2015,18625786.94,15364810.01,3260976.93,224259923.86,95904788.55,128355135.31,17.51,42.77
c2e1600d-08ed-427f-8825-b585cf20c56b,South CO Metropolitan Water District,CO,2024,75027793.87,65643440.92,9384352.94,886905821.08,467127675.91,419778145.16,12.51,52.67
c2e1600d-08ed-427f-8825-b585cf20c56b,South CO Metropolitan Water District,CO,2023,73638447.21,65723060.37,7915386.84,810247172.04,405905156.74,404342015.3,10.75,50.1
c2e1600d-08ed-427f-8825-b585cf20c56b,South CO Metropolitan Water District,CO,2022,72274828.14,63267267.78,9007560.35,830841114.78,403581699.98,427259414.8,12.46,48.58
c2e1600d-08ed-427f-8825-b585cf20c56b,South CO Metropolitan Water District,CO,2021,70936460.24,63467814.89,7468645.35,778461371.65,447116988.4,331344383.25,10.53,57.44
c2e1600d-08ed-427f-8825-b585cf20c56b,South CO Metropolitan Water District,CO,2020,69622875.91,56871988.52,12750887.39,639943884.85,367059640.89,272884243.96,18.31,57.36
c2e1600d-08ed-427f-8825-b585cf20c56b,South CO Metropolitan Water District,CO,2019,68333616.22,59354799.04,8978817.19,928032257.0,425754213.58,502278043.41,13.14,45.88
c2e1600d-08ed-427f-8825-b585cf20c56b,South CO Metropolitan Water District,CO,2018,67068230.74,54895247.3,12172983.44,617185775.06,324416543.01,292769232.06,18.15,52.56
c2e1600d-08ed-427f-8825-b585cf20c56b,South CO Metropolitan Water District,CO,2017,65826277.35,57925426.98,7900850.38,885956621.12,489839870.38,396116750.74,12.0,55.29
c2e1600d-08ed-427f-8825-b585cf20c56b,South CO Metropolitan Water District,CO,2016,64607322.17,50710101.76,13897220.4,928233336.38,555546614.99,372686721.39,21.51,59.85
c2e1600d-08ed-427f-8825-b585cf20c56b,South CO Metropolitan Water District,CO,2015,63410939.3,56097142.08,7313797.22,816089625.3,361435423.11,454654202.19,11.53,44.29
c00ef239-4c05-4f6b-85e3-3cbe3efc283f,North MO County Water District,MO,2024,880122754.54,764780611.48,115342143.06,9168159490.48,4438440027.15,4729719463.32,13.11,48.41
c00ef239-4c05-4f6b-85e3-3cbe3efc283f,North MO County Water District,MO,2023,851662073.76,691362984.14,160299089.62,10770801862.47,6252040483.53,4518761378.94,18.82,58.05
c00ef239-4c05-4f6b-85e3-3cbe3efc283f,North MO County Water District,MO,2022,824121730.9,677992804.1,146128926.81,11740497415.46,5563596698.75,6176900716.71,17.73,47.39
c00ef239-4c05-4f6b-85e3-3cbe3efc283f,North MO County Water District,MO,2021,797471964.85,622623050.07,174848914.78,7924528428.61,3909917013.32,4014611415.29,21.93,49.34
c00ef239-4c05-4f6b-85e3-3cbe3efc283f,North MO County Water District,MO,2020,771683976.86,681345181.69,90338795.17,11155592556.75,4903938004.77,6251654551.98,11.71,43.96
c00ef239-4c05-4f6b-85e3-3cbe3efc283f,North MO County Water District,MO,2019,746729899.47,583357158.36,163372741.11,9426969552.08,5579772186.85,3847197365.23,21.88,59.19
c00ef239-4c05-4f6b-85e3-3cbe3efc283f,North MO County Water District,MO,2018,722582766.37,587170694.83,135412071.55,8558292832.93,4343830463.44,4214462369.5,18.74,50.76
c00ef239-4c05-4f6b-85e3-3cbe3efc283f,North MO County Water District,MO,2017,699216483.27,548114728.34,151101754.92,7336325702.54,3767099292.07,3569226410.47,21.61,51.35
c00ef239-4c05-4f6b-85e3-3cbe3efc283f,North MO County Water District,MO,2016,676605799.67,582427939.11,94177860.56,6809343644.59,2985285124.13,3824058520.46,13.92,43.84
c00ef239-4c05-4f6b-85e3-3cbe3efc283f,North MO County Water District,MO,2015,654726281.64,529276057.6,125450224.04,8698743685.62,4757277885.66,3941465799.96,19.16,54.69
1779ca3d-e65c-4536-9d56-a6bc13375652,West WA Regional Water Authority,WA,2024,1438925.48,1202732.45,236193.03,18203765.32,9250650.63,8953114.7,16.41,50.82
1779ca3d-e65c-4536-9d56-a6bc13375652,West WA Regional Water Authority,WA,2023,1381261.02,1140713.2,240547.82,18948658.58,7802665.07,11145993.52,17.42,41.18
1779ca3d-e65c-4536-9d56-a6bc13375652,West WA Regional Water Authority,WA,2022,1325907.44,1185120.34,140787.1,18965480.41,10867825.65,8097654.77,10.62,57.3
1779ca3d-e65c-4536-9d56-a6bc13375652,West WA Regional Water Authority,WA,2021,1272772.13,1027541.3,245230.83,17503563.98,9114813.79,8388750.2,19.27,52.07
1779ca3d-e65c-4536-9d56-a6bc13375652,West WA Regional Water Authority,WA,2020,1221766.21,929819.38,291946.83,15173672.9,6309822.74,8863850.17,23.9,41.58
1779ca3d-e65c-4536-9d56-a6bc13375652,West WA Regional Water Authority,WA,2019,1172804.33,918484.7,254319.64,13794171.43,5545345.19,8248826.24,21.68,40.2
1779ca3d-e65c-4536-9d56-a6bc13375652,West WA Regional Water Authority,WA,2018,1125804.59,956676.57,169128.02,11270040.18,6289135.99,4980904.19,15.02,55.8
1779ca3d-e65c-4536-9d56-a6bc13375652,West WA Regional Water Authority,WA,2017,1080688.34,881895.77,198792.57,12694377.16,6977694.58,5716682.58,18.39,54.97
1779ca3d-e65c-4536-9d56-a6bc13375652,West WA Regional Water Authority,WA,2016,1037380.11,828215.16,209164.95,12758592.59,5975125.82,6783466.78,20.16,46.83
1779ca3d-e65c-4536-9d56-a6bc13375652,West WA Regional Water Authority,WA,2015,995807.45,876936.39,118871.05,13100851.51,7050009.45,6050842.06,11.94,53.81
47216d08-a540-4ce2-bcc5-f9da40c26f71,Regional UT Public Utilities Commission,UT,2024,1661216990.55,1396048517.77,265168472.77,16167625598.51,9526443638.29,6641181960.22,15.96,58.92
47216d08-a540-4ce2-bcc5-f9da40c26f71,Regional UT Public Utilities Commission,UT,2023,1605972544.4,1266226969.43,339745574.97,20046432202.46,8410685684.43,11635746518.03,21.16,41.96
47216d08-a540-4ce2-bcc5-f9da40c26f71,Regional UT Public Utilities Commission,UT,2022,1552565274.77,1302881059.58,249684215.19,13172904874.11,6730553154.25,6442351719.86,16.08,51.09
47216d08-a540-4ce2-bcc5-f9da40c26f71,Regional UT Public Utilities Commission,UT,2021,1500934085.59,1221494120.36,279439965.23,14348464084.08,6964216844.28,7384247239.8,18.62,48.54
47216d08-a540-4ce2-bcc5-f9da40c26f71,Regional UT Public Utilities Commission,UT,2020,1451019912.59,1239324416.75,211695495.83,14615535859.8,8632342504.65,5983193355.15,14.59,59.06
47216d08-a540-4ce2-bcc5-f9da40c26f71,Regional UT Public Utilities Commission,UT,2019,1402765655.7,1088885022.68,313880633.02,18200285857.02,9119824731.48,9080461125.54,22.38,50.11
47216d08-a540-4ce2-bcc5-f9da40c26f71,Regional UT Public Utilities Commission,UT,2018,1356116113.73,1173031495.84,183084617.89,15060513278.87,7210515869.03,7849997409.84,13.5,47.88
47216d08-a540-4ce2-bcc5-f9da40c26f71,Regional UT Public Utilities Commission,UT,2017,1311017921.24,1147871473.3,163146447.94,19405505648.18,11640328797.36,7765176850.82,12.44,59.98
47216d08-a540-4ce2-bcc5-f9da40c26f71,Regional UT Public Utilities Commission,UT,2016,1267419487.47,1074302451.56,193117035.91,18871289031.41,9711981069.0,9159307962.42,15.24,51.46
47216d08-a540-4ce2-bcc5-f9da40c26f71,Regional UT Public Utilities Commission,UT,2015,1225270937.33,983952754.75,241318182.58,15717550140.34,7119189405.73,8598360734.61,19.7,45.29
88e7d523-b202-4076-9494-a422c7421a3c,North TN Metropolitan Water District,TN,2024,91252970.16,77232155.09,14020815.07,742032229.27,432909740.48,309122488.79,15.36,58.34
88e7d523-b202-4076-9494-a422c7421a3c,North TN Metropolitan Water District,TN,2023,88377406.69,66633905.66,21743501.02,986682018.11,474984436.75,511697581.36,24.6,48.14
88e7d523-b202-4076-9494-a422c7421a3c,North TN Metropolitan Water District,TN,2022,85592457.96,76682064.51,8910393.45,947883585.15,383222650.46,564660934.69,10.41,40.43
88e7d523-b202-4076-9494-a422c7421a3c,North TN Metropolitan Water District,TN,2021,82895268.54,71928572.54,10966696.0,807056608.88,377922504.87,429134104.01,13.23,46.83
88e7d523-b202-4076-9494-a422c7421a3c,North TN Metropolitan Water District,TN,2020,80283072.95,61575814.37,18707258.58,823881308.44,489447750.48,334433557.95,23.3,59.41
88e7d523-b202-4076-9494-a422c7421a3c,North TN Metropolitan Water District,TN,2019,77753192.86,61458961.36,16294231.5,1078472768.28,576491121.47,501981646.81,20.96,53.45
88e7d523-b202-4076-9494-a422c7421a3c,North TN Metropolitan Water District,TN,2018,75303034.35,61636617.82,13666416.53,988174184.11,495687302.95,492486881.15,18.15,50.16
88e7d523-b202-4076-9494-a422c7421a3c,North TN Metropolitan Water District,TN,2017,72930085.23,57178405.89,15751679.34,1015610781.37,596130608.94,419480172.43,21.6,58.7
88e7d523-b202-4076-9494-a422c7421a3c,North TN Metropolitan Water District,TN,2016,70631912.48,55955864.87,14676047.61,587241909.37,244545268.64,342696640.73,20.78,41.64
88e7d523-b202-4076-9494-a422c7421a3c,North TN Metropolitan Water District,TN,2015,68406159.75,55123229.47,13282930.28,672841156.27,285882090.95,386959065.33,19.42,42.49
e90fcc91-88e2-47b9-80d5-9e5d540cb22c,South NY Municipal Water Works,NY,2024,124997632.35,102463212.13,22534420.22,1346056560.28,734451595.37,611604964.91,18.03,54.56
e90fcc91-88e2-47b9-80d5-9e5d540cb22c,South NY Municipal Water Works,NY,2023,122206049.84,102933820.48,19272229.35,1452654271.05,841922997.86,610731273.19,15.77,57.96
e90fcc91-88e2-47b9-80d5-9e5d540cb22c,South NY Municipal Water Works,NY,2022,119476811.97,98121712.4,21355099.57,1011141045.39,544015981.58,467125063.81,17.87,53.8
e90fcc91-88e2-47b9-80d5-9e5d540cb22c,South NY Municipal Water Works,NY,2021,116808526.39,101073779.09,15734747.3,1734020241.61,808015079.3,926005162.31,13.47,46.6
e90fcc91-88e2-47b9-80d5-9e5d540cb22c,South NY Municipal Water Works,NY,2020,114199831.87,96189444.66,18010387.2,1461058683.25,701771353.94,759287329.31,15.77,48.03
e90fcc91-88e2-47b9-80d5-9e5d540cb22c,South NY Municipal Water Works,NY,2019,111649397.53,89745557.74,21903839.78,1200529337.92,606323337.4,594206000.52,19.62,50.5
e90fcc91-88e2-47b9-80d5-9e5d540cb22c,South NY Municipal Water Works,NY,2018,109155922.25,97355715.52,11800206.74,1580190456.77,891823661.09,688366795.68,10.81,56.44
e90fcc91-88e2-47b9-80d5-9e5d540cb22c,South NY Municipal Water Works,NY,2017,106718133.97,85409022.81,21309111.16,1433343983.19,724562078.66,708781904.53,19.97,50.55
e90fcc91-88e2-47b9-80d5-9e5d540cb22c,South NY Municipal Water Works,NY,2016,104334789.01,82949390.87,21385398.14,926524911.54,503884106.23,422640805.31,20.5,54.38
e90fcc91-88e2-47b9-80d5-9e5d540cb22c,South NY Municipal Water Works,NY,2015,102004671.5,89805132.59,12199538.91,1023225185.75,413688146.44,609537039.31,11.96,40.43
55bc50cc-5661-47ee-98a7-731cf6713484,Central AL Water and Power Department,AL,2024,369289401.76,321516864.57,47772537.19,3710689912.61,2201860875.39,1508829037.22,12.94,59.34
55bc50cc-5661-47ee-98a7-731cf6713484,Central AL Water and Power Department,AL,2023,365395852.9,281137312.74,84258540.16,3913167286.91,1912693504.28,2000473782.62,23.06,48.88
55bc50cc-5661-47ee-98a7-731cf6713484,Central AL Water and Power Department,AL,2022,361543355.09,316205339.18,45338015.91,3025788305.77,1456674896.75,1569113409.03,12.54,48.14
55bc50cc-5661-47ee-98a7-731cf6713484,Central AL Water and Power Department,AL,2021,357731475.54,278134019.12,79597456.41,3755841151.58,1611634806.51,2144206345.07,22.25,42.91
55bc50cc-5661-47ee-98a7-731cf6713484,Central AL Water and Power Department,AL,2020,353959785.98,297414832.04,56544953.94,4362864563.22,2507439727.14,1855424836.07,15.97,57.47
55bc50cc-5661-47ee-98a7-731cf6713484,Central AL Water and Power Department,AL,2019,350227862.67,291834989.03,58392873.65,5143009041.41,2211175612.29,2931833429.13,16.67,42.99
55bc50cc-5661-47ee-98a7-731cf6713484,Central AL Water and Power Department,AL,2018,346535286.36,263568162.22,82967124.14,3132842497.98,1836529907.42,1296312590.56,23.94,58.62
55bc50cc-5661-47ee-98a7-731cf6713484,Central AL Water and Power Department,AL,2017,342881642.18,272585228.01,70296414.17,4779141466.7,2097711137.66,2681430329.04,20.5,43.89
55bc50cc-5661-47ee-98a7-731cf6713484,Central AL Water and Power Department,AL,2016,339266519.67,284688458.61,54578061.06,4058291671.68,1917341297.41,2140950374.27,16.09,47.25
55bc50cc-5661-47ee-98a7-731cf6713484,Central AL Water and Power Department,AL,2015,335689512.68,283253309.07,52436203.61,4198809155.86,2354767363.11,1844041792.75,15.62,56.08
34735680-0ad7-4c7b-927e-09ef4136d825,North MO Municipal Water District,MO,2024,641603148.53,548283081.88,93320066.65,7815968407.59,3419193061.77,4396775345.82,14.54,43.75
34735680-0ad7-4c7b-927e-09ef4136d825,North MO Municipal Water District,MO,2023,630519121.91,496883124.5,133635997.41,6918212771.1,3298414509.47,3619798261.63,21.19,47.68
34735680-0ad7-4c7b-927e-09ef4136d825,North MO Municipal Water District,MO,2022,619626577.59,494644695.92,124981881.67,5098513767.09,2971323548.15,2127190218.95,20.17,58.28
34735680-0ad7-4c7b-927e-09ef4136d825,North MO Municipal Water District,MO,2021,608922207.61,462127246.79,146794960.82,8970836573.13,5015439341.16,3955397231.97,24.11,55.91
34735680-0ad7-4c7b-927e-09ef4136d825,North MO Municipal Water District,MO,2020,598402761.16,474329906.54,124072854.62,7723864008.03,3712256575.86,4011607432.17,20.73,48.06
34735680-0ad7-4c7b-927e-09ef4136d825,North MO Municipal Water District,MO,2019,588065043.6,517487772.27,70577271.32,7690739504.14,3785258473.42,3905481030.72,12.0,49.22
34735680-0ad7-4c7b-927e-09ef4136d825,North MO Municipal Water District,MO,2018,577905915.46,508679072.18,69226843.28,5089895430.07,2768704864.26,2321190565.81,11.98,54.4
34735680-0ad7-4c7b-927e-09ef4136d825,North MO Municipal Water District,MO,2017,567922291.52,484748102.72,83174188.8,6634996251.65,3434684606.99,3200311644.66,14.65,51.77
34735680-0ad7-4c7b-927e-09ef4136d825,North MO Municipal Water District,MO,2016,558111139.86,468492790.98,89618348.87,6078914899.68,2998463209.05,3080451690.64,16.06,49.33
34735680-0ad7-4c7b-927e-09ef4136d825,North MO Municipal Water District,MO,2015,548469480.92,425247656.31,123221824.6,4469697923.52,2129282194.91,2340415728.61,22.47,47.64
823fed2b-302f-48bc-84da-f978121a92d7,Central SC Water and Power Department,SC,2024,427015444.56,325210596.0,101804848.56,5333092825.24,2321162006.95,3011930818.29,23.84,43.52
823fed2b-302f-48bc-84da-f978121a92d7,Central SC Water and Power Department,SC,2023,420433270.77,341730028.04,78703242.73,6271579237.0,2705432588.62,3566146648.38,18.72,43.14
823fed2b-302f-48bc-84da-f978121a92d7,Central SC Water and Power Department,SC,2022,413952557.03,343668903.64,70283653.39,4178765495.85,2348582244.56,1830183251.29,16.98,56.2
823fed2b-302f-48bc-84da-f978121a92d7,Central SC Water and Power Department,SC,2021,407571739.41,365385514.67,42186224.74,5001007993.65,2427596556.53,2573411437.12,10.35,48.54
823fed2b-302f-48bc-84da-f978121a92d7,Central SC Water and Power Department,SC,2020,401289278.07,354751183.27,46538094.8,3816478293.42,2146311411.85,1670166881.57,11.6,56.24
823fed2b-302f-48bc-84da-f978121a92d7,Central SC Water and Power Department,SC,2019,395103656.91,299754701.19,95348955.71,5528110159.36,2859168873.17,2668941286.19,24.13,51.72
823fed2b-302f-48bc-84da-f978121a92d7,Central SC Water and Power Department,SC,2018,389013383.2,335815639.78,53197743.41,4591395154.42,2490997948.53,2100397205.89,13.68,54.25
823fed2b-302f-48bc-84da-f978121a92d7,Central SC Water and Power Department,SC,2017,383016987.21,329174951.08,53842036.14,4975262209.64,2292177131.19,2683085078.46,14.06,46.07
823fed2b-302f-48bc-84da-f978121a92d7,Central SC Water and Power Department,SC,2016,377113021.89,307246509.76,69866512.14,4313079199.91,2322656146.47,1990423053.44,18.53,53.85
823fed2b-302f-48bc-84da-f978121a92d7,Central SC Water and Power Department,SC,2015,371300062.47,328464831.04,42835231.44,3897271580.72,1615139783.42,2282131797.3,11.54,41.44
9c0e980d-a161-4c88-b1d5-0b66fd904fbb,South FL Water Management District,FL,2024,87085472.58,77846736.19,9238736.39,827228943.82,407349856.7,419879087.13,10.61,49.24
9c0e980d-a161-4c88-b1d5-0b66fd904fbb,South FL Water Management District,FL,2023,84118406.12,69587056.85,14531349.27,867579606.62,380451082.18,487128524.44,17.27,43.85
9c0e980d-a161-4c88-b1d5-0b66fd904fbb,South FL Water Management District,FL,2022,81252429.81,71910563.46,9341866.35,1160037723.06,565021291.38,595016431.68,11.5,48.71
9c0e980d-a161-4c88-b1d5-0b66fd904fbb,South FL Water Management District,FL,2021,78484099.43,68687058.4,9797041.03,922476053.03,403261921.22,519214131.81,12.48,43.72
9c0e980d-a161-4c88-b1d5-0b66fd904fbb,South FL Water Management District,FL,2020,75810088.12,61908519.45,13901568.67,1023760036.79,432919671.17,590840365.62,18.34,42.29
9c0e980d-a161-4c88-b1d5-0b66fd904fbb,South FL Water Management District,FL,2019,73227182.34,59403305.91,13823876.44,1005087788.16,547294305.18,457793482.98,18.88,54.45
9c0e980d-a161-4c88-b1d5-0b66fd904fbb,South FL Water Management District,FL,2018,70732278.08,56086124.98,14646153.1,648503658.45,299594137.52,348909520.93,20.71,46.2
9c0e980d-a161-4c88-b1d5-0b66fd904fbb,South FL Water Management District,FL,2017,68322377.05,59555994.98,8766382.07,908908048.04,519211879.91,389696168.14,12.83,57.12
9c0e980d-a161-4c88-b1d5-0b66fd904fbb,South FL Water Management District,FL,2016,65994583.14,52999895.98,12994687.15,538625987.01,320228443.14,218397543.87,19.69,59.45
9c0e980d-a161-4c88-b1d5-0b66fd904fbb,South FL Water Management District,FL,2015,63746098.88,54619551.68,9126547.2,853415731.06,476963288.58,376452442.49,14.32,55.89
fe8300d4-445e-4cee-8f97-5b77bcadc1a7,County CO Municipal Water District,CO,2024,146791363.12,116393325.02,30398038.1,1459619323.15,764848926.68,694770396.47,20.71,52.4
fe8300d4-445e-4cee-8f97-5b77bcadc1a7,County CO Municipal Water District,CO,2023,144245748.48,120887822.16,23357926.33,1166099176.48,505450294.97,660648881.51,16.19,43.35
fe8300d4-445e-4cee-8f97-5b77bcadc1a7,County CO Municipal Water District,CO,2022,141744279.18,114301254.87,27443024.32,1234550496.17,725765141.98,508785354.19,19.36,58.79
fe8300d4-445e-4cee-8f97-5b77bcadc1a7,County CO Municipal Water District,CO,2021,139286189.66,109568987.18,29717202.47,1702524167.6,702901329.72,999622837.89,21.34,41.29
fe8300d4-445e-4cee-8f97-5b77bcadc1a7,County CO Municipal Water District,CO,2020,136870727.63,118075735.34,18794992.29,1747759879.18,980030561.28,767729317.89,13.73,56.07
fe8300d4-445e-4cee-8f97-5b77bcadc1a7,County CO Municipal Water District,CO,2019,134497153.87,119945850.1,14551303.78,1843696186.0,989907330.96,853788855.05,10.82,53.69
fe8300d4-445e-4cee-8f97-5b77bcadc1a7,County CO Municipal Water District,CO,2018,132164741.96,104280676.11,27884065.85,1468998299.35,831891738.19,637106561.16,21.1,56.63
fe8300d4-445e-4cee-8f97-5b77bcadc1a7,County CO Municipal Water District,CO,2017,129872778.09,106574285.75,23298492.34,1123436480.8,662754861.01,460681619.79,17.94,58.99
fe8300d4-445e-4cee-8f97-5b77bcadc1a7,County CO Municipal Water District,CO,2016,127620560.81,111642399.82,15978160.98,1676345558.7,736973212.0,939372346.7,12.52,43.96
fe8300d4-445e-4cee-8f97-5b77bcadc1a7,County CO Municipal Water District,CO,2015,125407400.84,97648087.71,27759313.13,1519541632.86,911069373.6,608472259.26,22.14,59.96
b9fe26d4-e8da-4a6b-b2dd-9c3a89ef12f5,Central TX Municipal Utility District,TX,2024,3154062959.88,2676167360.96,477895598.92,38819452927.21,17348861617.87,21470591309.33,15.15,44.69
b9fe26d4-e8da-4a6b-b2dd-9c3a89ef12f5,Central TX Municipal Utility District,TX,2023,3006800886.26,2536373896.58,470426989.68,24701323212.51,13875322600.18,10826000612.33,15.65,56.17
b9fe26d4-e8da-4a6b-b2dd-9c3a89ef12f5,Central TX Municipal Utility District,TX,2022,2866414426.28,2167841317.47,698573108.81,40674309603.37,21508803795.57,19165505807.8,24.37,52.88
b9fe26d4-e8da-4a6b-b2dd-9c3a89ef12f5,Central TX Municipal Utility District,TX,2021,2732582560.0,2057201838.78,675380721.23,30877598972.38,14655284743.46,16222314228.92,24.72,47.46
b9fe26d4-e8da-4a6b-b2dd-9c3a89ef12f5,Central TX Municipal Utility District,TX,2020,2604999255.79,2343899140.17,261100115.62,33167153872.62,15440183608.95,17726970263.67,10.02,46.55
b9fe26d4-e8da-4a6b-b2dd-9c3a89ef12f5,Central TX Municipal Utility District,TX,2019,2483372770.5,1950792570.88,532580199.62,21554169095.47,12681481835.18,8872687260.29,21.45,58.84
b9fe26d4-e8da-4a6b-b2dd-9c3a89ef12f5,Central TX Municipal Utility District,TX,2018,2367424982.39,1993767904.3,373657078.09,24400459027.33,10656557076.27,13743901951.06,15.78,43.67
b9fe26d4-e8da-4a6b-b2dd-9c3a89ef12f5,Central TX Municipal Utility District,TX,2017,2256890755.11,2027564211.46,229326543.66,18995568265.0,10541429888.09,8454138376.9,10.16,55.49
b9fe26d4-e8da-4a6b-b2dd-9c3a89ef12f5,Central TX Municipal Utility District,TX,2016,2151517331.45,1742743817.26,408773514.19,21106483504.98,10593127351.03,10513356153.95,19.0,50.19
b9fe26d4-e8da-4a6b-b2dd-9c3a89ef12f5,Central TX Municipal Utility District,TX,2015,2051063755.32,1781963041.93,269100713.39,16874232897.18,9959035752.94,6915197144.23,13.12,59.02
f9ca4351-66fc-4f3e-9d02-9e5b85532426,Central WI Metropolitan Water District,WI,2024,77212713.6,60125074.86,17087638.74,826393372.9,469027994.69,357365378.22,22.13,56.76
f9ca4351-66fc-4f3e-9d02-9e5b85532426,Central WI Metropolitan Water District,WI,2023,73932202.92,64834779.68,9097423.24,745334031.08,420906678.11,324427352.97,12.31,56.47
f9ca4351-66fc-4f3e-9d02-9e5b85532426,Central WI Metropolitan Water District,WI,2022,70791070.2,56510087.1,14280983.09,876673262.86,496076479.45,380596783.4,20.17,56.59
f9ca4351-66fc-4f3e-9d02-9e5b85532426,Central WI Metropolitan Water District,WI,2021,67783393.73,57930777.89,9852615.83,719093318.75,313354506.97,405738811.77,14.54,43.58
f9ca4351-66fc-4f3e-9d02-9e5b85532426,Central WI Metropolitan Water District,WI,2020,64903503.4,52162712.02,12740791.37,741764217.48,316343492.19,425420725.29,19.63,42.65
f9ca4351-66fc-4f3e-9d02-9e5b85532426,Central WI Metropolitan Water District,WI,2019,62145970.01,50016640.25,12129329.75,764981969.69,352590320.6,412391649.09,19.52,46.09
f9ca4351-66fc-4f3e-9d02-9e5b85532426,Central WI Metropolitan Water District,WI,2018,59505595.01,48746186.06,10759408.95,743323039.12,349348907.04,393974132.08,18.08,47.0
f9ca4351-66fc-4f3e-9d02-9e5b85532426,Central WI Metropolitan Water District,WI,2017,56977400.74,43805937.53,13171463.21,465481901.14,246085882.78,219396018.36,23.12,52.87
f9ca4351-66fc-4f3e-9d02-9e5b85532426,Central WI Metropolitan Water District,WI,2016,54556621.02,46773144.68,7783476.33,760642388.24,372506956.97,388135431.27,14.27,48.97
f9ca4351-66fc-4f3e-9d02-9e5b85532426,Central WI Metropolitan Water District,WI,2015,52238692.15,41007503.8,11231188.35,725066144.46,338738787.75,386327356.71,21.5,46.72
5900ba7f-05b6-4f39-a770-e06b3975a3c1,West MD Water and Power Department,MD,2024,9817804.52,7700823.54,2116980.98,107944267.99,57901475.27,50042792.73,21.56,53.64
5900ba7f-05b6-4f39-a770-e06b3975a3c1,West MD Water and Power Department,MD,2023,9476902.17,8389751.22,1087150.96,96813554.44,46672455.63,50141098.81,11.47,48.21
5900ba7f-05b6-4f39-a770-e06b3975a3c1,West MD Water and Power Department,MD,2022,9147836.94,6914080.5,2233756.44,86242040.91,43644525.62,42597515.28,24.42,50.61
5900ba7f-05b6-4f39-a770-e06b3975a3c1,West MD Water and Power Department,MD,2021,8830197.79,7718981.69,1111216.1,90507691.23,41824889.36,48682801.87,12.58,46.21
5900ba7f-05b6-4f39-a770-e06b3975a3c1,West MD Water and Power Department,MD,2020,8523587.99,7540747.68,982840.31,77585587.33,46486871.31,31098716.03,11.53,59.92
5900ba7f-05b6-4f39-a770-e06b3975a3c1,West MD Water and Power Department,MD,2019,8227624.56,6336842.61,1890781.95,84578911.85,43825296.55,40753615.3,22.98,51.82
5900ba7f-05b6-4f39-a770-e06b3975a3c1,West MD Water and Power Department,MD,2018,7941937.83,7088645.56,853292.27,86966653.78,40514936.25,46451717.53,10.74,46.59
5900ba7f-05b6-4f39-a770-e06b3975a3c1,West MD Water and Power Department,MD,2017,7666170.96,5963313.1,1702857.86,68271040.93,32805113.99,35465926.95,22.21,48.05
5900ba7f-05b6-4f39-a770-e06b3975a3c1,West MD Water and Power Department,MD,2016,7399979.51,5809678.8,1590300.71,104178355.59,43651585.4,60526770.19,21.49,41.9
5900ba7f-05b6-4f39-a770-e06b3975a3c1,West MD Water and Power Department,MD,2015,7143030.99,5910905.43,1232125.55,101597698.89,51353446.62,50244252.27,17.25,50.55
784c2a9f-ce07-470e-92dc-2956d20b8f1f,East IN Metropolitan Water District,IN,2024,13483078.51,10816565.62,2666512.89,120759095.34,50399855.5,70359239.85,19.78,41.74
784c2a9f-ce07-470e-92dc-2956d20b8f1f,East IN Metropolitan Water District,IN,2023,13323387.8,10137626.76,3185761.03,158822315.95,72966744.83,85855571.12,23.91,45.94
784c2a9f-ce07-470e-92dc-2956d20b8f1f,East IN Metropolitan Water District,IN,2022,13165588.43,9902385.67,3263202.76,109155129.88,63419603.98,45735525.89,24.79,58.1
784c2a9f-ce07-470e-92dc-2956d20b8f1f,East IN Metropolitan Water District,IN,2021,13009658.0,11352173.65,1657484.36,110963630.03,46596003.32,64367626.71,12.74,41.99
784c2a9f-ce07-470e-92dc-2956d20b8f1f,East IN Metropolitan Water District,IN,2020,12855574.38,11408729.58,1446844.8,168292304.75,84244515.85,84047788.9,11.25,50.06
784c2a9f-ce07-470e-92dc-2956d20b8f1f,East IN Metropolitan Water District,IN,2019,12703315.7,10551991.83,2151323.86,173472085.37,73791189.09,99680896.28,16.94,42.54
784c2a9f-ce07-470e-92dc-2956d20b8f1f,East IN Metropolitan Water District,IN,2018,12552860.33,11192502.7,1360357.63,155353913.87,71373321.13,83980592.74,10.84,45.94
784c2a9f-ce07-470e-92dc-2956d20b8f1f,East IN Metropolitan Water District,IN,2017,12404186.93,11070070.2,1334116.72,129722767.61,65836129.82,63886637.79,10.76,50.75
784c2a9f-ce07-470e-92dc-2956d20b8f1f,East IN Metropolitan Water District,IN,2016,12257274.38,10281476.32,1975798.06,114370952.4,66090569.16,48280383.24,16.12,57.79
784c2a9f-ce07-470e-92dc-2956d20b8f1f,East IN Metropolitan Water District,IN,2015,12112101.83,9225223.78,2886878.05,151871478.98,86830526.31,65040952.67,23.83,57.17
62d4db5b-e1e3-4272-91a8-936ad85ee6e8,South TX Water Corporation,TX,2024,424536437.13,333281084.07,91255353.06,5250909162.91,2461478745.81,2789430417.1,21.5,46.88
62d4db5b-e1e3-4272-91a8-936ad85ee6e8,South TX Water Corporation,TX,2023,419287680.08,369840299.1,49447380.98,6052725349.7,3456203191.81,2596522157.89,11.79,57.1
62d4db5b-e1e3-4272-91a8-936ad85ee6e8,South TX Water Corporation,TX,2022,414103816.05,360197021.96,53906794.08,5102121065.57,2923565829.23,2178555236.33,13.02,57.3
62d4db5b-e1e3-4272-91a8-936ad85ee6e8,South TX Water Corporation,TX,2021,408984042.73,344220071.4,64763971.32,5285712268.1,2531355506.75,2754356761.35,15.84,47.89
62d4db5b-e1e3-4272-91a8-936ad85ee6e8,South TX Water Corporation,TX,2020,403927567.74,353735136.64,50192431.09,5287494338.04,2261836574.01,3025657764.03,12.43,42.78
62d4db5b-e1e3-4272-91a8-936ad85ee6e8,South TX Water Corporation,TX,2019,398933608.48,332606088.89,66327519.59,3555500957.15,1866944882.92,1688556074.23,16.63,52.51
62d4db5b-e1e3-4272-91a8-936ad85ee6e8,South TX Water Corporation,TX,2018,394001392.06,347906032.75,46095359.31,4360732717.98,2499018288.59,1861714429.39,11.7,57.31
62d4db5b-e1e3-4272-91a8-936ad85ee6e8,South TX Water Corporation,TX,2017,389130155.09,307526473.13,81603681.97,4753860908.32,2851960269.27,1901900639.04,20.97,59.99
62d4db5b-e1e3-4272-91a8-936ad85ee6e8,South TX Water Corporation,TX,2016,384319143.68,292938724.49,91380419.19,5617876183.03,2642483894.68,2975392288.34,23.78,47.04
62d4db5b-e1e3-4272-91a8-936ad85ee6e8,South TX Water Corporation,TX,2015,379567613.22,334699954.13,44867659.09,4748321733.61,2039741070.29,2708580663.33,11.82,42.96
59448f05-37b9-4b8d-bf61-c1e14a7d8cbe,Municipal NY Water and Sewer Commission,NY,2024,460051749.23,381870450.48,78181298.75,4259097581.15,2142385642.81,2116711938.35,16.99,50.3
59448f05-37b9-4b8d-bf61-c1e14a7d8cbe,Municipal NY Water and Sewer Commission,NY,2023,441349954.31,357761497.54,83588456.78,4188596013.6,2496590911.17,1692005102.43,18.94,59.6
59448f05-37b9-4b8d-bf61-c1e14a7d8cbe,Municipal NY Water and Sewer Commission,NY,2022,423408415.47,319993387.92,103415027.55,5990680081.82,3504320198.69,2486359883.13,24.42,58.5
59448f05-37b9-4b8d-bf61-c1e14a7d8cbe,Municipal NY Water and Sewer Commission,NY,2021,406196227.14,365167733.18,41028493.95,3279675847.87,1349396786.59,1930279061.28,10.1,41.14
59448f05-37b9-4b8d-bf61-c1e14a7d8cbe,Municipal NY Water and Sewer Commission,NY,2020,389683740.12,294620158.24,95063581.89,4355607070.59,2356095797.93,1999511272.66,24.4,54.09
59448f05-37b9-4b8d-bf61-c1e14a7d8cbe,Municipal NY Water and Sewer Commission,NY,2019,373842510.52,296226671.6,77615838.92,5072305412.94,2310240207.41,2762065205.53,20.76,45.55
59448f05-37b9-4b8d-bf61-c1e14a7d8cbe,Municipal NY Water and Sewer Commission,NY,2018,358645250.71,305319686.87,53325563.84,5357538382.59,2443629415.33,2913908967.26,14.87,45.61
59448f05-37b9-4b8d-bf61-c1e14a7d8cbe,Municipal NY Water and Sewer Commission,NY,2017,344065782.34,291625178.43,52440603.92,4039760172.03,2290330158.03,1749430013.99,15.24,56.69
59448f05-37b9-4b8d-bf61-c1e14a7d8cbe,Municipal NY Water and Sewer Commission,NY,2016,330078991.27,293266929.32,36812061.95,3999863781.06,1813460326.8,2186403454.27,11.15,45.34
59448f05-37b9-4b8d-bf61-c1e14a7d8cbe,Municipal NY Water and Sewer Commission,NY,2015,316660784.28,261367323.72,55293460.56,2641355309.59,1092723362.22,1548631947.37,17.46,41.37
55988f8f-a099-44a2-8047-d8a8a2e05cf0,City GA Water System,GA,2024,20838439.53,17874436.52,2964003.01,198994570.4,116735204.62,82259365.78,14.22,58.66
55988f8f-a099-44a2-8047-d8a8a2e05cf0,City GA Water System,GA,2023,19954718.58,17253463.4,2701255.17,225175807.7,109762194.41,115413613.28,13.54,48.75
55988f8f-a099-44a2-8047-d8a8a2e05cf0,City GA Water System,GA,2022,19108474.65,15631508.88,3476965.77,236027619.8,130616313.31,105411306.49,18.2,55.34
55988f8f-a099-44a2-8047-d8a8a2e05cf0,City GA Water System,GA,2021,18298118.41,16138146.48,2159971.93,163092574.05,89154002.73,73938571.31,11.8,54.66
55988f8f-a099-44a2-8047-d8a8a2e05cf0,City GA Water System,GA,2020,17522127.93,14637560.11,2884567.82,225434229.6,103666356.38,121767873.22,16.46,45.99
55988f8f-a099-44a2-8047-d8a8a2e05cf0,City GA Water System,GA,2019,16779045.82,14559802.84,2219242.98,147283832.27,69000323.82,78283508.45,13.23,46.85
55988f8f-a099-44a2-8047-d8a8a2e05cf0,City GA Water System,GA,2018,16067476.5,12127637.23,3939839.26,223094172.36,132242976.59,90851195.77,24.52,59.28
55988f8f-a099-44a2-8047-d8a8a2e05cf0,City GA Water System,GA,2017,15386083.55,13792051.07,1594032.48,198272715.54,91077077.18,107195638.37,10.36,45.94
55988f8f-a099-44a2-8047-d8a8a2e05cf0,City GA Water System,GA,2016,14733587.27,11440864.11,3292723.16,159569266.82,95188928.07,64380338.75,22.35,59.65
55988f8f-a099-44a2-8047-d8a8a2e05cf0,City GA Water System,GA,2015,14108762.18,11265994.87,2842767.31,199534381.99,86378830.72,113155551.27,20.15,43.29
d22ec3fb-798c-4edb-b6cb-effc3e392af0,Greater VA County Water District,VA,2024,89025438.7,69426418.09,19599020.61,1268988947.98,757865628.76,511123319.22,22.02,59.72
d22ec3fb-798c-4edb-b6cb-effc3e392af0,Greater VA County Water District,VA,2023,88134050.62,76837822.24,11296228.38,1292768998.89,571964232.96,720804765.92,12.82,44.24
d22ec3fb-798c-4edb-b6cb-effc3e392af0,Greater VA County Water District,VA,2022,87251587.77,68942316.51,18309271.27,1134587407.05,467384721.97,667202685.07,20.98,41.19
d22ec3fb-798c-4edb-b6cb-effc3e392af0,Greater VA County Water District,VA,2021,86377960.79,76886667.8,9491292.99,1058610421.67,438487407.52,620123014.15,10.99,41.42
d22ec3fb-798c-4edb-b6cb-effc3e392af0,Greater VA County Water District,VA,2020,85513081.2,66164211.45,19348869.75,1056717134.28,613746924.52,442970209.76,22.63,58.08
d22ec3fb-798c-4edb-b6cb-effc3e392af0,Greater VA County Water District,VA,2019,84656861.42,73505472.43,11151389.0,819177382.76,349703510.27,469473872.5,13.17,42.69
d22ec3fb-798c-4edb-b6cb-effc3e392af0,Greater VA County Water District,VA,2018,83809214.75,62859257.45,20949957.29,682850721.22,306000024.63,376850696.59,25.0,44.81
d22ec3fb-798c-4edb-b6cb-effc3e392af0,Greater VA County Water District,VA,2017,82970055.33,66824231.24,16145824.1,874428682.74,457944328.47,416484354.27,19.46,52.37
d22ec3fb-798c-4edb-b6cb-effc3e392af0,Greater VA County Water District,VA,2016,82139298.2,70795998.04,11343300.16,817379771.52,372127534.09,445252237.43,13.81,45.53
d22ec3fb-798c-4edb-b6cb-effc3e392af0,Greater VA County Water District,VA,2015,81316859.21,69120886.17,12195973.04,1056852664.07,490357249.55,566495414.51,15.0,46.4
6702a54e-289f-4b19-9313-a33f250a375e,South VA Water and Power Department,VA,2024,226203037.77,195175315.26,31027722.51,1962100753.51,967698839.24,994401914.27,13.72,49.32
6702a54e-289f-4b19-9313-a33f250a375e,South VA Water and Power Department,VA,2023,215725591.35,188530863.49,27194727.86,2326319934.85,1172284740.77,1154035194.08,12.61,50.39
6702a54e-289f-4b19-9313-a33f250a375e,South VA Water and Power Department,VA,2022,205733447.36,167956969.2,37776478.16,2732876603.03,1297981410.79,1434895192.24,18.36,47.5
6702a54e-289f-4b19-9313-a33f250a375e,South VA Water and Power Department,VA,2021,196204127.19,175101086.71,21103040.48,2801525558.59,1645543478.5,1155982080.09,10.76,58.74
6702a54e-289f-4b19-9313-a33f250a375e,South VA Water and Power Department,VA,2020,187116193.4,148985404.57,38130788.84,2404701303.37,1218783639.35,1185917664.02,20.38,50.68
6702a54e-289f-4b19-9313-a33f250a375e,South VA Water and Power Department,VA,2019,178449201.53,157525132.32,20924069.21,1524043258.02,710664174.42,813379083.6,11.73,46.63
6702a54e-289f-4b19-9313-a33f250a375e,South VA Water and Power Department,VA,2018,170183654.06,144271513.16,25912140.9,1605095729.19,828932071.55,776163657.65,15.23,51.64
6702a54e-289f-4b19-9313-a33f250a375e,South VA Water and Power Department,VA,2017,162300956.57,125451016.2,36849940.37,1577858773.64,807520323.55,770338450.1,22.7,51.18
6702a54e-289f-4b19-9313-a33f250a375e,South VA Water and Power Department,VA,2016,154783375.94,129383960.6,25399415.33,1721790820.6,694846355.92,1026944464.68,16.41,40.36
6702a54e-289f-4b19-9313-a33f250a375e,South VA Water and Power Department,VA,2015,147614000.39,131167298.74,16446701.65,1348550635.53,633215515.18,715335120.36,11.14,46.96
46d13fb4-db03-49de-9297-4d12d25f42c1,Municipal IN Municipal Water District,IN,2024,18343272.37,15476220.61,2867051.76,157167848.63,85024774.81,72143073.82,15.63,54.1
46d13fb4-db03-49de-9297-4d12d25f42c1,Municipal IN Municipal Water District,IN,2023,17776453.27,14370647.58,3405805.7,193024503.2,79754710.93,113269792.27,19.16,41.32
46d13fb4-db03-49de-9297-4d12d25f42c1,Municipal IN Municipal Water District,IN,2022,17227149.26,14325775.14,2901374.12,161145444.44,88434983.34,72710461.1,16.84,54.88
46d13fb4-db03-49de-9297-4d12d25f42c1,Municipal IN Municipal Water District,IN,2021,16694819.1,14757995.45,1936823.65,234686699.49,139379396.25,95307303.24,11.6,59.39
46d13fb4-db03-49de-9297-4d12d25f42c1,Municipal IN Municipal Water District,IN,2020,16178938.29,12939227.88,3239710.41,158371810.19,76388327.67,81983482.52,20.02,48.23
46d13fb4-db03-49de-9297-4d12d25f42c1,Municipal IN Municipal Water District,IN,2019,15678998.53,13669915.86,2009082.68,134579443.67,66956460.27,67622983.4,12.81,49.75
46d13fb4-db03-49de-9297-4d12d25f42c1,Municipal IN Municipal Water District,IN,2018,15194507.24,11795127.72,3399379.53,215778655.32,103066638.7,112712016.62,22.37,47.76
46d13fb4-db03-49de-9297-4d12d25f42c1,Municipal IN Municipal Water District,IN,2017,14724987.05,13111864.54,1613122.51,193236878.82,87115255.04,106121623.78,10.96,45.08
46d13fb4-db03-49de-9297-4d12d25f42c1,Municipal IN Municipal Water District,IN,2016,14269975.33,11464840.13,2805135.2,185690410.11,93132653.85,92557756.26,19.66,50.15
46d13fb4-db03-49de-9297-4d12d25f42c1,Municipal IN Municipal Water District,IN,2015,13829023.78,10471891.36,3357132.41,179253665.23,90250597.31,89003067.92,24.28,50.35
2bab7428-0d69-4b0d-9869-f052b9b64a54,Metro CT Municipal Water District,CT,2024,3676448237.77,3063498870.37,612949367.4,36923670515.31,15589447511.33,21334223003.98,16.67,42.22
2bab7428-0d69-4b0d-9869-f052b9b64a54,Metro CT Municipal Water District,CT,2023,3610468750.7,3000145445.5,610323305.2,30497983316.29,12396734297.16,18101249019.13,16.9,40.65
2bab7428-0d69-4b0d-9869-f052b9b64a54,Metro CT Municipal Water District,CT,2022,3545673366.45,2703491900.17,842181466.28,44655250230.98,24492394446.93,20162855784.04,23.75,54.85
2bab7428-0d69-4b0d-9869-f052b9b64a54,Metro CT Municipal Water District,CT,2021,3482040834.48,3048306909.99,433733924.49,45048627015.32,19711563582.37,25337063432.96,12.46,43.76
2bab7428-0d69-4b0d-9869-f052b9b64a54,Metro CT Municipal Water District,CT,2020,3419550285.63,2644416711.47,775133574.16,39890629626.76,17916204769.1,21974424857.66,22.67,44.91
2bab7428-0d69-4b0d-9869-f052b9b64a54,Metro CT Municipal Water District,CT,2019,3358181225.26,2919880669.68,438300555.58,37412688917.84,20352832474.24,17059856443.6,13.05,54.4
2bab7428-0d69-4b0d-9869-f052b9b64a54,Metro CT Municipal Water District,CT,2018,3297913526.55,2634399905.79,663513620.76,29691530260.86,17498216545.91,12193313714.96,20.12,58.93
2bab7428-0d69-4b0d-9869-f052b9b64a54,Metro CT Municipal Water District,CT,2017,3238727423.88,2781898682.12,456828741.76,27677450398.48,13746408140.61,13931042257.86,14.11,49.67
2bab7428-0d69-4b0d-9869-f052b9b64a54,Metro CT Municipal Water District,CT,2016,3180603506.35,2575921281.31,604682225.03,38255014627.99,21177200414.2,17077814213.8,19.01,55.36
2bab7428-0d69-4b0d-9869-f052b9b64a54,Metro CT Municipal Water District,CT,2015,3123522711.42,2738089413.43,385433297.99,39513645235.61,22645434038.07,16868211197.53,12.34,57.31
a4f9f5e4-e51e-4aff-a319-24449bb84b23,Central AZ Water and Power Department,AZ,2024,215197032.07,163894756.2,51302275.87,1760794718.32,1011472435.89,749322282.43,23.84,57.44
a4f9f5e4-e51e-4aff-a319-24449bb84b23,Central AZ Water and Power Department,AZ,2023,209385099.91,177134853.59,32250246.32,2706071747.92,1159659025.34,1546412722.57,15.4,42.85
a4f9f5e4-e51e-4aff-a319-24449bb84b23,Central AZ Water and Power Department,AZ,2022,203730133.46,156480018.5,47250114.96,2692284716.82,1533471909.44,1158812807.38,23.19,56.96
a4f9f5e4-e51e-4aff-a319-24449bb84b23,Central AZ Water and Power Department,AZ,2021,198227893.48,158880092.59,39347800.89,2640169458.16,1450494617.69,1189674840.46,19.85,54.94
a4f9f5e4-e51e-4aff-a319-24449bb84b23,Central AZ Water and Power Department,AZ,2020,192874255.19,171968400.07,20905855.12,2148375195.82,1284711834.44,863663361.38,10.84,59.8
a4f9f5e4-e51e-4aff-a319-24449bb84b23,Central AZ Water and Power Department,AZ,2019,187665205.25,150869232.99,36795972.26,1964627463.92,829483482.33,1135143981.59,19.61,42.22
a4f9f5e4-e51e-4aff-a319-24449bb84b23,Central AZ Water and Power Department,AZ,2018,182596838.69,152530340.96,30066497.73,1710630517.64,945145521.34,765484996.3,16.47,55.25
a4f9f5e4-e51e-4aff-a319-24449bb84b23,Central AZ Water and Power Department,AZ,2017,177665356.0,146159543.04,31505812.95,1822141532.03,868016936.72,954124595.31,17.73,47.64
a4f9f5e4-e51e-4aff-a319-24449bb84b23,Central AZ Water and Power Department,AZ,2016,172867060.28,152418667.27,20448393.01,2056094257.28,1190846913.86,865247343.42,11.83,57.92
a4f9f5e4-e51e-4aff-a319-24449bb84b23,Central AZ Water and Power Department,AZ,2015,168198354.51,133828702.79,34369651.72,1915857767.17,1111300131.52,804557635.64,20.43,58.01
ac08d439-2059-488d-b368-38ec53849ca6,Greater TN Municipal Water District,TN,2024,2860032113.63,2557709404.21,302322709.41,27370845123.14,12973322726.55,14397522396.6,10.57,47.4
ac08d439-2059-488d-b368-38ec53849ca6,Greater TN Municipal Water District,TN,2023,2737610713.76,2095119455.72,642491258.04,39953228570.9,22109909441.24,17843319129.67,23.47,55.34
ac08d439-2059-488d-b368-38ec53849ca6,Greater TN Municipal Water District,TN,2022,2620429464.54,2136423745.26,484005719.28,24386499272.31,13715245255.87,10671254016.44,18.47,56.24
ac08d439-2059-488d-b368-38ec53849ca6,Greater TN Municipal Water District,TN,2021,2508264065.5,2170662323.38,337601742.12,31264146440.65,12725731506.31,18538414934.34,13.46,40.7
ac08d439-2059-488d-b368-38ec53849ca6,Greater TN Municipal Water District,TN,2020,2400899817.15,1942799451.39,458100365.75,34834239973.91,17040875134.21,17793364839.7,19.08,48.92
ac08d439-2059-488d-b368-38ec53849ca6,Greater TN Municipal Water District,TN,2019,2298131210.06,1846040599.28,452090610.78,20022685722.69,11541756832.45,8480928890.25,19.67,57.64
ac08d439-2059-488d-b368-38ec53849ca6,Greater TN Municipal Water District,TN,2018,2199761531.45,1974404167.23,225357364.22,26601098734.43,12431272161.26,14169826573.17,10.24,46.73
ac08d439-2059-488d-b368-38ec53849ca6,Greater TN Municipal Water District,TN,2017,2105602488.7,1796354779.34,309247709.36,20091613023.44,9229463958.74,10862149064.7,14.69,45.94
ac08d439-2059-488d-b368-38ec53849ca6,Greater TN Municipal Water District,TN,2016,2015473848.88,1801960225.49,213513623.39,21766851420.65,10523127989.79,11243723430.86,10.59,48.34
ac08d439-2059-488d-b368-38ec53849ca6,Greater TN Municipal Water District,TN,2015,1929203093.81,1577859197.87,351343895.94,17588469702.51,9825858535.75,7762611166.76,18.21,55.87
5e085645-4ff9-424e-a341-a55ef9db60a6,City AL Regional Water Authority,AL,2024,128458115.51,108367772.59,20090342.91,1290395378.91,685369166.94,605026211.97,15.64,53.11
5e085645-4ff9-424e-a341-a55ef9db60a6,City AL Regional Water Authority,AL,2023,122939719.11,98106527.16,24833191.94,1024783386.99,522698277.4,502085109.59,20.2,51.01
5e085645-4ff9-424e-a341-a55ef9db60a6,City AL Regional Water Authority,AL,2022,117658385.96,103591850.68,14066535.29,1171070738.16,687459427.8,483611310.37,11.96,58.7
5e085645-4ff9-424e-a341-a55ef9db60a6,City AL Regional Water Authority,AL,2021,112603932.14,88742014.28,23861917.85,1318858179.52,561797627.3,757060552.22,21.19,42.6
5e085645-4ff9-424e-a341-a55ef9db60a6,City AL Regional Water Authority,AL,2020,107766611.18,96787665.27,10978945.91,1497188684.76,804153633.91,693035050.85,10.19,53.71
5e085645-4ff9-424e-a341-a55ef9db60a6,City AL Regional Water Authority,AL,2019,103137095.35,79238840.53,23898254.83,1114624569.93,567656883.17,546967686.76,23.17,50.93
5e085645-4ff9-424e-a341-a55ef9db60a6,City AL Regional Water Authority,AL,2018,98706457.61,78418672.67,20287784.93,1402417583.75,722230763.22,680186820.53,20.55,51.5
5e085645-4ff9-424e-a341-a55ef9db60a6,City AL Regional Water Authority,AL,2017,94466154.39,81899782.74,12566371.65,893761766.52,506853723.15,386908043.36,13.3,56.71
5e085645-4ff9-424e-a341-a55ef9db60a6,City AL Regional Water Authority,AL,2016,90408009.18,70495228.15,19912781.03,1168647915.36,570690580.5,597957334.87,22.03,48.83
5e085645-4ff9-424e-a341-a55ef9db60a6,City AL Regional Water Authority,AL,2015,86524196.7,70524704.93,15999491.77,903717129.86,439344981.66,464372148.2,18.49,48.62
71778662-3f54-4f21-a385-09951b146919,North MO Water and Power Department,MO,2024,33569416.61,27494625.05,6074791.56,320181721.96,173149860.9,147031861.06,18.1,54.08
71778662-3f54-4f21-a385-09951b146919,North MO Water and Power Department,MO,2023,32438009.23,27361486.88,5076522.35,343054170.0,155637983.51,187416186.49,15.65,45.37
71778662-3f54-4f21-a385-09951b146919,North MO Water and Power Department,MO,2022,31344734.26,25477608.19,5867126.07,341797266.22,159259491.52,182537774.69,18.72,46.59
71778662-3f54-4f21-a385-09951b146919,North MO Water and Power Department,MO,2021,30288306.5,22884147.39,7404159.11,284709100.26,127680257.56,157028842.7,24.45,44.85
71778662-3f54-4f21-a385-09951b146919,North MO Water and Power Department,MO,2020,29267484.07,25537389.98,3730094.09,335363896.38,197525199.05,137838697.32,12.74,58.9
71778662-3f54-4f21-a385-09951b146919,North MO Water and Power Department,MO,2019,28281066.94,22471134.06,5809932.88,309608832.33,129920429.72,179688402.61,20.54,41.96
71778662-3f54-4f21-a385-09951b146919,North MO Water and Power Department,MO,2018,27327895.54,24024289.25,3303606.29,372354657.07,169751449.59,202603207.48,12.09,45.59
71778662-3f54-4f21-a385-09951b146919,North MO Water and Power Department,MO,2017,26406849.37,22263360.11,4143489.26,227281207.71,101749108.49,125532099.22,15.69,44.77
71778662-3f54-4f21-a385-09951b146919,North MO Water and Power Department,MO,2016,25516845.69,20318772.0,5198073.69,244514011.14,113434612.98,131079398.16,20.37,46.39
71778662-3f54-4f21-a385-09951b146919,North MO Water and Power Department,MO,2015,24656838.27,20992487.3,3664350.96,310546048.08,171656735.55,138889312.53,14.86,55.28
c52d75f3-b282-4f3c-ae46-6d05e1246b17,East OR Regional Water Authority,OR,2024,121206420.76,109049414.76,12157006.0,1696952861.25,976793289.96,720159571.29,10.03,57.56
c52d75f3-b282-4f3c-ae46-6d05e1246b17,East OR Regional Water Authority,OR,2023,115625231.66,97720670.86,17904560.81,1192934004.81,559482242.17,633451762.63,15.48,46.9
c52d75f3-b282-4f3c-ae46-6d05e1246b17,East OR Regional Water Authority,OR,2022,110301039.44,92398913.83,17902125.61,1035091816.78,562108111.71,472983705.06,16.23,54.31
c52d75f3-b282-4f3c-ae46-6d05e1246b17,East OR Regional Water Authority,OR,2021,105222010.17,90433990.76,14788019.41,1158877577.6,580011069.05,578866508.55,14.05,50.05
c52d75f3-b282-4f3c-ae46-6d05e1246b17,East OR Regional Water Authority,OR,2020,100376854.84,85655510.07,14721344.77,1492404698.87,767077026.81,725327672.06,14.67,51.4
c52d75f3-b282-4f3c-ae46-6d05e1246b17,East OR Regional Water Authority,OR,2019,95754804.25,77483000.2,18271804.05,991687693.78,476467894.18,515219799.6,19.08,48.05
c52d75f3-b282-4f3c-ae46-6d05e1246b17,East OR Regional Water Authority,OR,2018,91345585.12,70071919.27,21273665.85,990634428.2,508794066.39,481840361.81,23.29,51.36
c52d75f3-b282-4f3c-ae46-6d05e1246b17,East OR Regional Water Authority,OR,2017,87139397.19,74096743.86,13042653.33,1191247065.46,587304450.1,603942615.36,14.97,49.3
c52d75f3-b282-4f3c-ae46-6d05e1246b17,East OR Regional Water Authority,OR,2016,83126891.49,64759138.03,18367753.46,929254028.3,435531781.11,493722247.19,22.1,46.87
c52d75f3-b282-4f3c-ae46-6d05e1246b17,East OR Regional Water Authority,OR,2015,79299149.55,68519096.84,10780052.71,932656371.94,483965301.09,448691070.85,13.59,51.89
6c25d182-521c-4a02-83ea-49e72a0e4e6d,Suburban IL Water District,IL,2024,35771402.33,30017855.39,5753546.95,446417384.86,228845771.52,217571613.34,16.08,51.26
6c25d182-521c-4a02-83ea-49e72a0e4e6d,Suburban IL Water District,IL,2023,34905219.19,30835470.26,4069748.94,515534451.35,213096870.66,302437580.69,11.66,41.34
6c25d182-521c-4a02-83ea-49e72a0e4e6d,Suburban IL Water District,IL,2022,34060010.16,25678642.48,8381367.67,279668904.53,143263483.14,136405421.38,24.61,51.23
6c25d182-521c-4a02-83ea-49e72a0e4e6d,Suburban IL Water District,IL,2021,33235267.35,26266296.59,6968970.76,479336343.68,222883605.16,256452738.52,20.97,46.5
6c25d182-521c-4a02-83ea-49e72a0e4e6d,Suburban IL Water District,IL,2020,32430495.21,26342917.98,6087577.23,364787016.44,152055988.2,212731028.24,18.77,41.68
6c25d182-521c-4a02-83ea-49e72a0e4e6d,Suburban IL Water District,IL,2019,31645210.14,27412953.81,4232256.33,430489229.44,190032605.76,240456623.68,13.37,44.14
6c25d182-521c-4a02-83ea-49e72a0e4e6d,Suburban IL Water District,IL,2018,30878940.28,25101124.26,5777816.01,306536429.45,177271795.5,129264633.94,18.71,57.83
6c25d182-521c-4a02-83ea-49e72a0e4e6d,Suburban IL Water District,IL,2017,30131225.18,24763889.15,5367336.03,377207765.58,163479082.34,213728683.25,17.81,43.34
6c25d182-521c-4a02-83ea-49e72a0e4e6d,Suburban IL Water District,IL,2016,29401615.56,23254450.54,6147165.02,438160549.82,244412203.82,193748346.0,20.91,55.78
6c25d182-521c-4a02-83ea-49e72a0e4e6d,Suburban IL Water District,IL,2015,28689673.0,21536681.37,7152991.63,289829421.82,170026821.78,119802600.04,24.93,58.66
67ed5be2-96ac-4611-90db-3766e473165a,South MD County Water District,MD,2024,87587410.6,77910957.35,9676453.24,737437728.85,349494674.18,387943054.67,11.05,47.39
67ed5be2-96ac-4611-90db-3766e473165a,South MD County Water District,MD,2023,83519892.15,68808081.2,14711810.95,1042842490.73,435162073.9,607680416.83,17.61,41.73
67ed5be2-96ac-4611-90db-3766e473165a,South MD County Water District,MD,2022,79641267.36,60059231.26,19582036.09,1151217696.05,636085194.14,515132501.91,24.59,55.25
67ed5be2-96ac-4611-90db-3766e473165a,South MD County Water District,MD,2021,75942764.09,62832929.65,13109834.44,656966232.64,268970702.1,387995530.55,17.26,40.94
67ed5be2-96ac-4611-90db-3766e473165a,South MD County Water District,MD,2020,72416017.59,61798277.19,10617740.4,1002225104.38,441140867.9,561084236.49,14.66,44.02
67ed5be2-96ac-4611-90db-3766e473165a,South MD County Water District,MD,2019,69053051.55,52114942.73,16938108.82,567631626.6,294186513.4,273445113.2,24.53,51.83
67ed5be2-96ac-4611-90db-3766e473165a,South MD County Water District,MD,2018,65846260.08,54468262.99,11377997.09,826205492.02,488955382.61,337250109.42,17.28,59.18
67ed5be2-96ac-4611-90db-3766e473165a,South MD County Water District,MD,2017,62788390.51,51759528.46,11028862.05,533298022.19,224215563.52,309082458.68,17.57,42.04
67ed5be2-96ac-4611-90db-3766e473165a,South MD County Water District,MD,2016,59872526.97,45836665.79,14035861.18,598551588.43,240599519.84,357952068.59,23.44,40.2
67ed5be2-96ac-4611-90db-3766e473165a,South MD County Water District,MD,2015,57092074.78,44986781.24,12105293.54,684458176.42,408143497.85,276314678.56,21.2,59.63
86e1dca9-3b8b-48ff-8e18-b848f603cef7,Greater MN Water and Power Department,MN,2024,75892156.26,67804864.16,8087292.1,911838711.53,460923576.72,450915134.82,10.66,50.55
86e1dca9-3b8b-48ff-8e18-b848f603cef7,Greater MN Water and Power Department,MN,2023,73194687.99,62178149.64,11016538.35,588365990.16,325983652.65,262382337.51,15.05,55.4
86e1dca9-3b8b-48ff-8e18-b848f603cef7,Greater MN Water and Power Department,MN,2022,70593097.02,62240723.89,8352373.13,1058140404.2,520958212.05,537182192.15,11.83,49.23
86e1dca9-3b8b-48ff-8e18-b848f603cef7,Greater MN Water and Power Department,MN,2021,68083975.54,54181828.65,13902146.89,604620310.71,298213038.87,306407271.83,20.42,49.32
86e1dca9-3b8b-48ff-8e18-b848f603cef7,Greater MN Water and Power Department,MN,2020,65664036.87,52273631.68,13390405.19,919935532.16,446458280.99,473477251.17,20.39,48.53
86e1dca9-3b8b-48ff-8e18-b848f603cef7,Greater MN Water and Power Department,MN,2019,63330111.15,52903522.31,10426588.83,712889842.01,402706446.48,310183395.52,16.46,56.49
86e1dca9-3b8b-48ff-8e18-b848f603cef7,Greater MN Water and Power Department,MN,2018,61079141.17,50668948.69,10410192.48,651237346.14,344025841.75,307211504.39,17.04,52.83
86e1dca9-3b8b-48ff-8e18-b848f603cef7,Greater MN Water and Power Department,MN,2017,58908178.41,48521740.12,10386438.29,474007763.31,235618983.38,238388779.93,17.63,49.71
86e1dca9-3b8b-48ff-8e18-b848f603cef7,Greater MN Water and Power Department,MN,2016,56814379.13,45455297.9,11359081.23,616179610.67,283860292.67,332319318.01,19.99,46.07
86e1dca9-3b8b-48ff-8e18-b848f603cef7,Greater MN Water and Power Department,MN,2015,54795000.68,46232272.21,8562728.47,474690746.63,223883795.98,250806950.65,15.63,47.16
7481044f-c7df-47db-a2dd-fad3d64ee3bc,East CT County Water District,CT,2024,50703600.77,43291226.03,7412374.73,665804887.66,285438932.81,380365954.86,14.62,42.87
7481044f-c7df-47db-a2dd-fad3d64ee3bc,East CT County Water District,CT,2023,48604347.0,38635165.66,9969181.34,712220559.79,341599769.04,370620790.75,20.51,47.96
7481044f-c7df-47db-a2dd-fad3d64ee3bc,East CT County Water District,CT,2022,46592007.5,40325583.71,6266423.79,390318800.06,167554116.37,222764683.7,13.45,42.93
7481044f-c7df-47db-a2dd-fad3d64ee3bc,East CT County Water District,CT,2021,44662983.8,34483463.98,10179519.82,563702376.29,299984796.04,263717580.25,22.79,53.22
7481044f-c7df-47db-a2dd-fad3d64ee3bc,East CT County Water District,CT,2020,42813826.43,38306535.66,4507290.77,634003581.4,351563967.42,282439613.98,10.53,55.45
7481044f-c7df-47db-a2dd-fad3d64ee3bc,East CT County Water District,CT,2019,41041228.72,35482972.72,5558256.0,593912396.74,321149004.29,272763392.45,13.54,54.07
7481044f-c7df-47db-a2dd-fad3d64ee3bc,East CT County Water District,CT,2018,39342020.92,34918501.61,4423519.31,369259318.0,220578035.42,148681282.58,11.24,59.74
7481044f-c7df-47db-a2dd-fad3d64ee3bc,East CT County Water District,CT,2017,37713164.5,28534166.61,9178997.89,448832158.38,233410285.96,215421872.43,24.34,52.0
7481044f-c7df-47db-a2dd-fad3d64ee3bc,East CT County Water District,CT,2016,36151746.74,32116098.91,4035647.83,473417989.31,236749881.54,236668107.77,11.16,50.01
7481044f-c7df-47db-a2dd-fad3d64ee3bc,East CT County Water District,CT,2015,34654975.51,28285264.73,6369710.78,385074613.69,216675455.12,168399158.57,18.38,56.27
7672e195-5c05-46af-a045-03262bbe8cde,South MO Public Utilities Commission,MO,2024,21942999.23,17535729.2,4407270.03,195564955.75,96084385.15,99480570.59,20.09,49.13
7672e195-5c05-46af-a045-03262bbe8cde,South MO Public Utilities Commission,MO,2023,20979506.48,18173703.4,2805803.09,248998253.73,145392988.11,103605265.62,13.37,58.39
7672e195-5c05-46af-a045-03262bbe8cde,South MO Public Utilities Commission,MO,2022,20058319.64,15647739.23,4410580.41,289480045.81,152342933.43,137137112.37,21.99,52.63
7672e195-5c05-46af-a045-03262bbe8cde,South MO Public Utilities Commission,MO,2021,19177581.08,15011577.06,4166004.02,163311447.61,70725326.08,92586121.53,21.72,43.31
7672e195-5c05-46af-a045-03262bbe8cde,South MO Public Utilities Commission,MO,2020,18335514.78,14197064.74,4138450.03,198227552.01,102100500.57,96127051.43,22.57,51.51
7672e195-5c05-46af-a045-03262bbe8cde,South MO Public Utilities Commission,MO,2019,17530422.67,13693874.37,3836548.3,217693616.16,93694108.46,123999507.7,21.89,43.04
7672e195-5c05-46af-a045-03262bbe8cde,South MO Public Utilities Commission,MO,2018,16760681.27,14413872.92,2346808.34,226445633.92,126699817.9,99745816.02,14.0,55.95
7672e195-5c05-46af-a045-03262bbe8cde,South MO Public Utilities Commission,MO,2017,16024738.35,12221602.95,3803135.4,155763627.03,66101263.49,89662363.54,23.73,42.44
7672e195-5c05-46af-a045-03262bbe8cde,South MO Public Utilities Commission,MO,2016,15321109.87,11844549.77,3476560.11,145213619.8,73120361.95,72093257.85,22.69,50.35
7672e195-5c05-46af-a045-03262bbe8cde,South MO Public Utilities Commission,MO,2015,14648376.94,12355414.72,2292962.22,174339199.13,94580168.69,79759030.44,15.65,54.25
bd7369f7-8a8d-4a5c-988f-2fb935e1ff12,Suburban TX Water Utility,TX,2024,18547724.91,15738888.99,2808835.93,151679036.12,74489604.93,77189431.19,15.14,49.11
bd7369f7-8a8d-4a5c-988f-2fb935e1ff12,Suburban TX Water Utility,TX,2023,18337792.91,14020027.13,4317765.78,163799911.35,73594965.35,90204946.0,23.55,44.93
bd7369f7-8a8d-4a5c-988f-2fb935e1ff12,Suburban TX Water Utility,TX,2022,18130237.01,15539984.63,2590252.38,168179459.24,72276422.35,95903036.89,14.29,42.98
bd7369f7-8a8d-4a5c-988f-2fb935e1ff12,Suburban TX Water Utility,TX,2021,17925030.33,14592142.31,3332888.02,191427069.24,110096825.63,81330243.61,18.59,57.51
bd7369f7-8a8d-4a5c-988f-2fb935e1ff12,Suburban TX Water Utility,TX,2020,17722146.28,13456422.7,4265723.58,259145587.52,137321146.18,121824441.34,24.07,52.99
bd7369f7-8a8d-4a5c-988f-2fb935e1ff12,Suburban TX Water Utility,TX,2019,17521558.56,14288604.14,3232954.42,214645531.36,116653749.82,97991781.54,18.45,54.35
bd7369f7-8a8d-4a5c-988f-2fb935e1ff12,Suburban TX Water Utility,TX,2018,17323241.2,14203002.35,3120238.85,184216541.51,86208173.37,98008368.14,18.01,46.8
bd7369f7-8a8d-4a5c-988f-2fb935e1ff12,Suburban TX Water Utility,TX,2017,17127168.48,14393935.14,2733233.34,230777927.57,133007789.37,97770138.2,15.96,57.63
bd7369f7-8a8d-4a5c-988f-2fb935e1ff12,Suburban TX Water Utility,TX,2016,16933315.01,13984595.9,2948719.11,223012243.82,121981707.99,101030535.83,17.41,54.7
bd7369f7-8a8d-4a5c-988f-2fb935e1ff12,Suburban TX Water Utility,TX,2015,16741655.66,13336273.43,3405382.23,184231791.79,110130330.77,74101461.02,20.34,59.78
f8999068-5249-41c2-8219-166a33c6a322,Suburban VA County Water District,VA,2024,213213268.67,167562498.0,45650770.68,2554032863.15,1460852166.32,1093180696.83,21.41,57.2
f8999068-5249-41c2-8219-166a33c6a322,Suburban VA County Water District,VA,2023,203384812.14,158021295.47,45363516.66,2591099889.36,1104945460.48,1486154428.88,22.3,42.64
f8999068-5249-41c2-8219-166a33c6a322,Suburban VA County Water District,VA,2022,194009416.33,170809532.58,23199883.75,2120295121.64,1013924535.65,1106370585.99,11.96,47.82
f8999068-5249-41c2-8219-166a33c6a322,Suburban VA County Water District,VA,2021,185066196.57,162284327.24,22781869.34,2107884967.94,1187535143.23,920349824.71,12.31,56.34
f8999068-5249-41c2-8219-166a33c6a322,Suburban VA County Water District,VA,2020,176535230.93,155745525.77,20789705.17,2101984240.01,1080762600.01,1021221640.0,11.78,51.42
f8999068-5249-41c2-8219-166a33c6a322,Suburban VA County Water District,VA,2019,168397515.79,135222083.35,33175432.44,2132249356.19,1128018429.79,1004230926.4,19.7,52.9
f8999068-5249-41c2-8219-166a33c6a322,Suburban VA County Water District,VA,2018,160634923.56,128925417.04,31709506.52,1311792936.49,556793098.69,754999837.8,19.74,42.45
f8999068-5249-41c2-8219-166a33c6a322,Suburban VA County Water District,VA,2017,153230162.24,136522736.96,16707425.28,1910276477.34,985360010.24,924916467.1,10.9,51.58
f8999068-5249-41c2-8219-166a33c6a322,Suburban VA County Water District,VA,2016,146166736.97,126722035.59,19444701.39,1382192982.39,606001772.08,776191210.31,13.3,43.84
f8999068-5249-41c2-8219-166a33c6a322,Suburban VA County Water District,VA,2015,139428913.24,121941003.6,17487909.64,1753102742.2,1016942983.45,736159758.76,12.54,58.01
617010d3-0dcd-4131-9d26-6bc1f8f82090,Central MA Regional Water Authority,MA,2024,129466516.31,103631437.03,25835079.28,1071478685.9,480790698.29,590687987.61,19.96,44.87
617010d3-0dcd-4131-9d26-6bc1f8f82090,Central MA Regional Water Authority,MA,2023,124000408.37,111575121.05,12425287.31,1853781164.31,821299430.13,1032481734.18,10.02,44.3
617010d3-0dcd-4131-9d26-6bc1f8f82090,Central MA Regional Water Authority,MA,2022,118765080.84,98265235.33,20499845.51,1660620685.76,933773618.87,726847066.89,17.26,56.23
617010d3-0dcd-4131-9d26-6bc1f8f82090,Central MA Regional Water Authority,MA,2021,113750790.12,87229885.66,26520904.46,1088307777.41,452505163.58,635802613.83,23.31,41.58
617010d3-0dcd-4131-9d26-6bc1f8f82090,Central MA Regional Water Authority,MA,2020,108948203.97,92283780.45,16664423.52,1008414617.14,483984683.89,524429933.25,15.3,47.99
617010d3-0dcd-4131-9d26-6bc1f8f82090,Central MA Regional Water Authority,MA,2019,104348384.19,78788007.61,25560376.58,1278626254.77,616933058.95,661693195.82,24.5,48.25
617010d3-0dcd-4131-9d26-6bc1f8f82090,Central MA Regional Water Authority,MA,2018,99942769.92,82144710.52,17798059.4,1026396416.64,528483699.26,497912717.38,17.81,51.49
617010d3-0dcd-4131-9d26-6bc1f8f82090,Central MA Regional Water Authority,MA,2017,95723161.77,76475312.35,19247849.42,1240233725.65,630145913.87,610087811.78,20.11,50.81
617010d3-0dcd-4131-9d26-6bc1f8f82090,Central MA Regional Water Authority,MA,2016,91681706.5,74235622.38,17446084.12,863759517.56,487176832.66,376582684.9,19.03,56.4
617010d3-0dcd-4131-9d26-6bc1f8f82090,Central MA Regional Water Authority,MA,2015,87810882.45,76998116.95,10812765.51,952496525.13,568836097.89,383660427.24,12.31,59.72
247fdd5f-698b-4f2e-a053-2925b9151ddc,Greater AZ Regional Water Authority,AZ,2024,101379557.33,88927093.26,12452464.07,1353950590.97,616191220.31,737759370.66,12.28,45.51
247fdd5f-698b-4f2e-a053-2925b9151ddc,Greater AZ Regional Water Authority,AZ,2023,97185469.55,86814798.79,10370670.75,1048788715.52,478461532.25,570327183.26,10.67,45.62
247fdd5f-698b-4f2e-a053-2925b9151ddc,Greater AZ Regional Water Authority,AZ,2022,93164891.82,71891312.69,21273579.13,1291533114.44,738641907.7,552891206.74,22.83,57.19
247fdd5f-698b-4f2e-a053-2925b9151ddc,Greater AZ Regional Water Authority,AZ,2021,89310646.01,72258368.19,17052277.81,930233549.61,449500531.7,480733017.91,19.09,48.32
247fdd5f-698b-4f2e-a053-2925b9151ddc,Greater AZ Regional Water Authority,AZ,2020,85615850.93,68885363.15,16730487.78,1218586057.15,658687997.75,559898059.4,19.54,54.05
247fdd5f-698b-4f2e-a053-2925b9151ddc,Greater AZ Regional Water Authority,AZ,2019,82073910.09,67987320.38,14086589.71,1077376972.94,537758955.63,539618017.31,17.16,49.91
247fdd5f-698b-4f2e-a053-2925b9151ddc,Greater AZ Regional Water Authority,AZ,2018,78678499.89,70075389.08,8603110.81,940025438.69,525089891.21,414935547.49,10.93,55.86
247fdd5f-698b-4f2e-a053-2925b9151ddc,Greater AZ Regional Water Authority,AZ,2017,75423558.32,60204856.72,15218701.6,607807616.01,291945374.11,315862241.9,20.18,48.03
247fdd5f-698b-4f2e-a053-2925b9151ddc,Greater AZ Regional Water Authority,AZ,2016,72303274.19,60797385.85,11505888.34,683540894.54,366224715.38,317316179.16,15.91,53.58
247fdd5f-698b-4f2e-a053-2925b9151ddc,Greater AZ Regional Water Authority,AZ,2015,69312076.68,54868518.74,14443557.94,1010518885.59,572224578.09,438294307.5,20.84,56.63
17d6593e-6957-4d23-a9c0-ead3e3f2ed4a,Metro WA Water and Power Department,WA,2024,117420230.05,96300524.02,21119706.03,1148413560.5,587890067.92,560523492.58,17.99,51.19
17d6593e-6957-4d23-a9c0-ead3e3f2ed4a,Metro WA Water and Power Department,WA,2023,114622555.38,86536384.39,28086170.99,1412431477.06,671622923.57,740808553.5,24.5,47.55
17d6593e-6957-4d23-a9c0-ead3e3f2ed4a,Metro WA Water and Power Department,WA,2022,111891538.59,90243554.91,21647983.68,1237198792.91,525980516.37,711218276.54,19.35,42.51
17d6593e-6957-4d23-a9c0-ead3e3f2ed4a,Metro WA Water and Power Department,WA,2021,109225591.47,97905412.28,11320179.2,1514377059.34,613635492.75,900741566.59,10.36,40.52
17d6593e-6957-4d23-a9c0-ead3e3f2ed4a,Metro WA Water and Power Department,WA,2020,106623163.68,80722544.09,25900619.59,896772958.53,465137366.6,431635591.94,24.29,51.87
17d6593e-6957-4d23-a9c0-ead3e3f2ed4a,Metro WA Water and Power Department,WA,2019,104082741.77,84028513.52,20054228.26,1494704515.42,647047808.93,847656706.48,19.27,43.29
17d6593e-6957-4d23-a9c0-ead3e3f2ed4a,Metro WA Water and Power Department,WA,2018,101602848.4,80394778.88,21208069.52,906861061.85,393528634.95,513332426.89,20.87,43.39
17d6593e-6957-4d23-a9c0-ead3e3f2ed4a,Metro WA Water and Power Department,WA,2017,99182041.4,82549144.4,16632896.99,1251316025.66,655131396.74,596184628.92,16.77,52.36
17d6593e-6957-4d23-a9c0-ead3e3f2ed4a,Metro WA Water and Power Department,WA,2016,96818912.96,77900296.85,18918616.11,1268340448.52,636434245.0,631906203.53,19.54,50.18
17d6593e-6957-4d23-a9c0-ead3e3f2ed4a,Metro WA Water and Power Department,WA,2015,94512088.82,72552730.22,21959358.6,1213839612.91,689187370.89,524652242.01,23.23,56.78
cc268a73-aa15-4633-8b05-cd5bbeac5101,East OK Water and Power Department,OK,2024,48601907.87,39738848.34,8863059.53,637831166.46,291742489.87,346088676.59,18.24,45.74
cc268a73-aa15-4633-8b05-cd5bbeac5101,East OK Water and Power Department,OK,2023,47814263.93,38054812.94,9759450.99,395947839.9,209863696.81,186084143.09,20.41,53.0
cc268a73-aa15-4633-8b05-cd5bbeac5101,East OK Water and Power Department,OK,2022,47039384.58,41090116.79,5949267.79,526565932.59,303447809.34,223118123.25,12.65,57.63
cc268a73-aa15-4633-8b05-cd5bbeac5101,East OK Water and Power Department,OK,2021,46277062.95,39161382.28,7115680.67,520574744.21,262977066.55,257597677.66,15.38,50.52
cc268a73-aa15-4633-8b05-cd5bbeac5101,East OK Water and Power Department,OK,2020,45527095.52,37348029.41,8179066.11,492693908.63,246221243.33,246472665.3,17.97,49.97
cc268a73-aa15-4633-8b05-cd5bbeac5101,East OK Water and Power Department,OK,2019,44789282.09,38888236.11,5901045.98,427355345.88,252248660.3,175106685.58,13.18,59.03
cc268a73-aa15-4633-8b05-cd5bbeac5101,East OK Water and Power Department,OK,2018,44063425.68,37034147.32,7029278.36,462593035.89,235355492.88,227237543.01,15.95,50.88
cc268a73-aa15-4633-8b05-cd5bbeac5101,East OK Water and Power Department,OK,2017,43349332.53,34391228.92,8958103.6,549117761.71,246387410.52,302730351.19,20.66,44.87
cc268a73-aa15-4633-8b05-cd5bbeac5101,East OK Water and Power Department,OK,2016,42646811.98,38215352.29,4431459.69,627734409.86,311750685.25,315983724.6,10.39,49.66
cc268a73-aa15-4633-8b05-cd5bbeac5101,East OK Water and Power Department,OK,2015,41955676.51,36351463.44,5604213.07,510811296.83,262749069.95,248062226.88,13.36,51.44
5a2c72c7-a36c-41ec-9151-deec4f950966,Metro MA Water and Power Department,MA,2024,76052860.23,57633099.18,18419761.05,664094652.71,304146009.82,359948642.89,24.22,45.8
5a2c72c7-a36c-41ec-9151-deec4f950966,Metro MA Water and Power Department,MA,2023,74568160.54,57130788.45,17437372.09,710675343.81,376071394.46,334603949.35,23.38,52.92
5a2c72c7-a36c-41ec-9151-deec4f950966,Metro MA Water and Power Department,MA,2022,73112445.08,59297181.71,13815263.37,686633265.64,312322709.59,374310556.06,18.9,45.49
5a2c72c7-a36c-41ec-9151-deec4f950966,Metro MA Water and Power Department,MA,2021,71685148.01,55513760.41,16171387.6,1025064554.01,589417365.12,435647188.89,22.56,57.5
5a2c72c7-a36c-41ec-9151-deec4f950966,Metro MA Water and Power Department,MA,2020,70285714.55,54350681.39,15935033.15,827487802.99,400747588.05,426740214.94,22.67,48.43
5a2c72c7-a36c-41ec-9151-deec4f950966,Metro MA Water and Power Department,MA,2019,68913600.75,60104811.9,8808788.85,660490382.04,387718929.2,272771452.84,12.78,58.7
5a2c72c7-a36c-41ec-9151-deec4f950966,Metro MA Water and Power Department,MA,2018,67568273.29,51894953.5,15673319.79,839944941.22,362753425.52,477191515.71,23.2,43.19
5a2c72c7-a36c-41ec-9151-deec4f950966,Metro MA Water and Power Department,MA,2017,66249209.23,52639398.27,13609810.96,751297839.65,306642178.69,444655660.96,20.54,40.81
5a2c72c7-a36c-41ec-9151-deec4f950966,Metro MA Water and Power Department,MA,2016,64955895.87,55123531.24,9832364.63,783372122.66,424018616.66,359353506.0,15.14,54.13
5a2c72c7-a36c-41ec-9151-deec4f950966,Metro MA Water and Power Department,MA,2015,63687830.49,49407325.11,14280505.38,652479001.9,287301281.31,365177720.59,22.42,44.03
06c25fd6-6462-4a0c-8bdc-e46644ee72e1,West MN County Water District,MN,2024,6333544.56,5597183.42,736361.14,87099851.49,51679178.58,35420672.9,11.63,59.33
06c25fd6-6462-4a0c-8bdc-e46644ee72e1,West MN County Water District,MN,2023,6269937.14,4770826.64,1499110.49,90153967.04,44551576.99,45602390.05,23.91,49.42
06c25fd6-6462-4a0c-8bdc-e46644ee72e1,West MN County Water District,MN,2022,6206968.52,5109332.75,1097635.77,66292622.51,38052545.2,28240077.31,17.68,57.4
06c25fd6-6462-4a0c-8bdc-e46644ee72e1,West MN County Water District,MN,2021,6144632.3,5054808.98,1089823.32,58602744.23,29216008.86,29386735.37,17.74,49.85
06c25fd6-6462-4a0c-8bdc-e46644ee72e1,West MN County Water District,MN,2020,6082922.11,4701381.97,1381540.14,49123516.95,19985607.02,29137909.93,22.71,40.68
06c25fd6-6462-4a0c-8bdc-e46644ee72e1,West MN County Water District,MN,2019,6021831.68,4985700.72,1036130.96,60656414.83,32751028.7,27905386.13,17.21,53.99
06c25fd6-6462-4a0c-8bdc-e46644ee72e1,West MN County Water District,MN,2018,5961354.78,5237744.56,723610.22,56001860.75,30848919.47,25152941.28,12.14,55.09
06c25fd6-6462-4a0c-8bdc-e46644ee72e1,West MN County Water District,MN,2017,5901485.24,4910920.04,990565.2,86983401.78,35935326.09,51048075.69,16.79,41.31
06c25fd6-6462-4a0c-8bdc-e46644ee72e1,West MN County Water District,MN,2016,5842216.96,4783583.2,1058633.77,47437208.25,23909229.2,23527979.05,18.12,50.4
06c25fd6-6462-4a0c-8bdc-e46644ee72e1,West MN County Water District,MN,2015,5783543.92,4787204.79,996339.13,82676556.24,35227512.55,47449043.69,17.23,42.61
c14dadd4-e85b-4c41-9c17-0adad832290d,Suburban UT Regional Water Authority,UT,2024,287450336.61,219106387.43,68343949.18,3911683149.68,2188829916.91,1722853232.77,23.78,55.96
c14dadd4-e85b-4c41-9c17-0adad832290d,Suburban UT Regional Water Authority,UT,2023,274357325.65,208877411.24,65479914.4,3186740284.67,1306850275.19,1879890009.49,23.87,41.01
c14dadd4-e85b-4c41-9c17-0adad832290d,Suburban UT Regional Water Authority,UT,2022,261860685.3,202841649.95,59019035.36,2931270449.56,1547668019.22,1383602430.33,22.54,52.8
c14dadd4-e85b-4c41-9c17-0adad832290d,Suburban UT Regional Water Authority,UT,2021,249933251.63,220959613.04,28973638.59,2165243377.94,1015627132.25,1149616245.69,11.59,46.91
c14dadd4-e85b-4c41-9c17-0adad832290d,Suburban UT Regional Water Authority,UT,2020,238549097.96,202077624.67,36471473.29,2478853630.36,1351786646.38,1127066983.98,15.29,54.53
c14dadd4-e85b-4c41-9c17-0adad832290d,Suburban UT Regional Water Authority,UT,2019,227683478.55,198237348.22,29446130.33,2883668326.38,1561961863.2,1321706463.19,12.93,54.17
c14dadd4-e85b-4c41-9c17-0adad832290d,Suburban UT Regional Water Authority,UT,2018,217312774.81,179511734.68,37801040.13,2440069975.5,1178492314.65,1261577660.85,17.39,48.3
c14dadd4-e85b-4c41-9c17-0adad832290d,Suburban UT Regional Water Authority,UT,2017,207414443.93,155561501.35,51852942.58,2156151538.68,1121683069.48,1034468469.2,25.0,52.02
c14dadd4-e85b-4c41-9c17-0adad832290d,Suburban UT Regional Water Authority,UT,2016,197966969.9,175673129.3,22293840.6,2638647170.75,1401748098.37,1236899072.38,11.26,53.12
c14dadd4-e85b-4c41-9c17-0adad832290d,Suburban UT Regional Water Authority,UT,2015,188949816.75,143586052.73,45363764.03,1782448687.38,793299541.57,989149145.81,24.01,44.51
a4ccb584-9a55-490b-982d-647806cb3158,Metro NY Water Authority,NY,2024,152268737.12,129207381.62,23061355.5,1655333130.4,932647588.9,722685541.5,15.15,56.34
a4ccb584-9a55-490b-982d-647806cb3158,Metro NY Water Authority,NY,2023,148935695.09,124249984.1,24685710.98,1632817560.9,772947754.93,859869805.97,16.57,47.34
a4ccb584-9a55-490b-982d-647806cb3158,Metro NY Water Authority,NY,2022,145675610.71,113144633.33,32530977.37,1949929123.34,920578281.0,1029350842.34,22.33,47.21
a4ccb584-9a55-490b-982d-647806cb3158,Metro NY Water Authority,NY,2021,142486886.99,123208679.48,19278207.51,1963269694.29,879683038.56,1083586655.73,13.53,44.81
a4ccb584-9a55-490b-982d-647806cb3158,Metro NY Water Authority,NY,2020,139367961.91,115765732.74,23602229.17,1647675765.12,773003062.99,874672702.13,16.94,46.91
a4ccb584-9a55-490b-982d-647806cb3158,Metro NY Water Authority,NY,2019,136317307.63,102467764.98,33849542.65,1756781083.67,826633702.96,930147380.71,24.83,47.05
a4ccb584-9a55-490b-982d-647806cb3158,Metro NY Water Authority,NY,2018,133333429.75,111059800.28,22273629.47,1149861148.01,646831872.82,503029275.2,16.71,56.25
a4ccb584-9a55-490b-982d-647806cb3158,Metro NY Water Authority,NY,2017,130414866.6,108490791.92,21924074.69,1107253473.22,605958946.27,501294526.95,16.81,54.73
a4ccb584-9a55-490b-982d-647806cb3158,Metro NY Water Authority,NY,2016,127560188.48,111804143.98,15756044.51,1031814596.2,606862237.62,424952358.58,12.35,58.82
a4ccb584-9a55-490b-982d-647806cb3158,Metro NY Water Authority,NY,2015,124767997.01,100471088.92,24296908.09,1210827395.88,676959663.32,533867732.56,19.47,55.91
199a0a47-e0ad-4dbf-9cc2-b6e6253a5ae4,Greater CO County Water District,CO,2024,227504209.47,177746838.44,49757371.03,3214316189.7,1795092490.02,1419223699.67,21.87,55.85
199a0a47-e0ad-4dbf-9cc2-b6e6253a5ae4,Greater CO County Water District,CO,2023,218147435.66,181466671.58,36680764.07,3248920913.01,1503230346.78,1745690566.23,16.81,46.27
199a0a47-e0ad-4dbf-9cc2-b6e6253a5ae4,Greater CO County Water District,CO,2022,209175486.44,174636788.75,34538697.7,2036014486.98,1212669464.8,823345022.18,16.51,59.56
199a0a47-e0ad-4dbf-9cc2-b6e6253a5ae4,Greater CO County Water District,CO,2021,200572534.8,170433506.15,30139028.64,2452848147.92,1124418951.0,1328429196.92,15.03,45.84
199a0a47-e0ad-4dbf-9cc2-b6e6253a5ae4,Greater CO County Water District,CO,2020,192323404.62,159949125.1,32374279.51,2868065249.12,1630753414.75,1237311834.37,16.83,56.86
199a0a47-e0ad-4dbf-9cc2-b6e6253a5ae4,Greater CO County Water District,CO,2019,184413543.96,157877142.48,26536401.48,2093766904.27,1129993647.35,963773256.92,14.39,53.97
199a0a47-e0ad-4dbf-9cc2-b6e6253a5ae4,Greater CO County Water District,CO,2018,176828999.38,156031568.83,20797430.55,2024931092.19,831354800.92,1193576291.27,11.76,41.06
199a0a47-e0ad-4dbf-9cc2-b6e6253a5ae4,Greater CO County Water District,CO,2017,169556391.31,146331666.3,23224725.01,1773444990.93,841533483.47,931911507.46,13.7,47.45
199a0a47-e0ad-4dbf-9cc2-b6e6253a5ae4,Greater CO County Water District,CO,2016,162582890.44,127206625.74,35376264.71,2407919599.43,1072695177.39,1335224422.04,21.76,44.55
199a0a47-e0ad-4dbf-9cc2-b6e6253a5ae4,Greater CO County Water District,CO,2015,155896195.13,119558526.45,36337668.68,1328345297.18,718961919.64,609383377.54,23.31,54.12
c7aa5086-7341-4f5e-a347-afe98b6c6d7a,Regional TX Water Corporation,TX,2024,51513199.43,45690121.56,5823077.87,634164190.28,344235352.59,289928837.69,11.3,54.28
c7aa5086-7341-4f5e-a347-afe98b6c6d7a,Regional TX Water Corporation,TX,2023,49262063.52,43547407.54,5714655.99,668919427.52,273119815.4,395799612.12,11.6,40.83
c7aa5086-7341-4f5e-a347-afe98b6c6d7a,Regional TX Water Corporation,TX,2022,47109302.65,36631800.56,10477502.09,480362557.4,235824642.51,244537914.89,22.24,49.09
c7aa5086-7341-4f5e-a347-afe98b6c6d7a,Regional TX Water Corporation,TX,2021,45050617.81,38382203.34,6668414.47,624187664.38,333165506.84,291022157.54,14.8,53.38
c7aa5086-7341-4f5e-a347-afe98b6c6d7a,Regional TX Water Corporation,TX,2020,43081897.86,35967314.51,7114583.35,562598645.66,296374814.05,266223831.61,16.51,52.68
c7aa5086-7341-4f5e-a347-afe98b6c6d7a,Regional TX Water Corporation,TX,2019,41199211.32,35132734.96,6066476.36,355487658.98,195717924.47,159769734.51,14.72,55.06
c7aa5086-7341-4f5e-a347-afe98b6c6d7a,Regional TX Water Corporation,TX,2018,39398798.51,34067783.49,5331015.02,332262087.78,138075934.72,194186153.06,13.53,41.56
c7aa5086-7341-4f5e-a347-afe98b6c6d7a,Regional TX Water Corporation,TX,2017,37677064.06,29659457.35,8017606.71,347778581.0,195912221.41,151866359.59,21.28,56.33
c7aa5086-7341-4f5e-a347-afe98b6c6d7a,Regional TX Water Corporation,TX,2016,36030569.71,32267424.63,3763145.08,522397628.49,294208079.29,228189549.19,10.44,56.32
c7aa5086-7341-4f5e-a347-afe98b6c6d7a,Regional TX Water Corporation,TX,2015,34456027.46,29154547.96,5301479.5,370429938.91,184682001.02,185747937.88,15.39,49.86
e92773e7-a836-4aec-8929-fa7739372461,Metro PA Water Company,PA,2024,393070868.12,296049430.6,97021437.52,3557392704.52,1547556422.63,2009836281.9,24.68,43.5
e92773e7-a836-4aec-8929-fa7739372461,Metro PA Water Company,PA,2023,385869974.65,326077488.32,59792486.33,4586156658.79,1997395075.48,2588761583.31,15.5,43.55
e92773e7-a836-4aec-8929-fa7739372461,Metro PA Water Company,PA,2022,378800998.54,320995497.61,57805500.93,4924928122.31,2836359479.29,2088568643.01,15.26,57.59
e92773e7-a836-4aec-8929-fa7739372461,Metro PA Water Company,PA,2021,371861523.1,285699627.65,86161895.44,4976274486.73,2095702408.82,2880572077.91,23.17,42.11
e92773e7-a836-4aec-8929-fa7739372461,Metro PA Water Company,PA,2020,365049175.94,311341606.22,53707569.72,4781050643.52,2588245838.3,2192804805.22,14.71,54.14
e92773e7-a836-4aec-8929-fa7739372461,Metro PA Water Company,PA,2019,358361628.12,274972670.14,83388957.98,4187543729.17,2124205715.69,2063338013.48,23.27,50.73
e92773e7-a836-4aec-8929-fa7739372461,Metro PA Water Company,PA,2018,351796593.37,297592826.42,54203766.96,3469496401.13,1464443739.16,2005052661.97,15.41,42.21
e92773e7-a836-4aec-8929-fa7739372461,Metro PA Water Company,PA,2017,345351827.31,261250904.92,84100922.39,2907598188.01,1378770319.58,1528827868.44,24.35,47.42
e92773e7-a836-4aec-8929-fa7739372461,Metro PA Water Company,PA,2016,339025126.66,267351132.79,71673993.87,4143148519.06,1762416553.94,2380731965.13,21.14,42.54
e92773e7-a836-4aec-8929-fa7739372461,Metro PA Water Company,PA,2015,332814328.51,266262205.78,66552122.74,4627377855.31,2466494654.61,2160883200.71,20.0,53.3
0189a1b6-0f00-4f64-a4df-65c697a0dcf4,West NC Water and Sewer,NC,2024,157213648.82,118839871.99,38373776.83,1438475937.39,774559899.45,663916037.94,24.41,53.85
0189a1b6-0f00-4f64-a4df-65c697a0dcf4,West NC Water and Sewer,NC,2023,155434191.06,133470739.5,21963451.56,2292597780.5,1300187799.07,992409981.44,14.13,56.71
0189a1b6-0f00-4f64-a4df-65c697a0dcf4,West NC Water and Sewer,NC,2022,153674874.49,132383912.49,21290962.0,1706429653.96,728692142.19,977737511.77,13.85,42.7
0189a1b6-0f00-4f64-a4df-65c697a0dcf4,West NC Water and Sewer,NC,2021,151935471.14,126671556.93,25263914.2,2116612016.41,1203293819.54,913318196.87,16.63,56.85
0189a1b6-0f00-4f64-a4df-65c697a0dcf4,West NC Water and Sewer,NC,2020,150215755.61,134306680.42,15909075.19,1377572695.46,756444434.6,621128260.86,10.59,54.91
0189a1b6-0f00-4f64-a4df-65c697a0dcf4,West NC Water and Sewer,NC,2019,148515505.06,113076753.9,35438751.17,1455914282.87,671356928.27,784557354.6,23.86,46.11
0189a1b6-0f00-4f64-a4df-65c697a0dcf4,West NC Water and Sewer,NC,2018,146834499.18,122728651.19,24105847.99,1584727940.17,734045527.32,850682412.85,16.42,46.32
0189a1b6-0f00-4f64-a4df-65c697a0dcf4,West NC Water and Sewer,NC,2017,145172520.14,110829313.79,34343206.35,1621553927.5,830518428.24,791035499.26,23.66,51.22
0189a1b6-0f00-4f64-a4df-65c697a0dcf4,West NC Water and Sewer,NC,2016,143529352.58,119273219.01,24256133.57,1200140497.21,646829168.02,553311329.2,16.9,53.9
0189a1b6-0f00-4f64-a4df-65c697a0dcf4,West NC Water and Sewer,NC,2015,141904783.58,121783200.16,20121583.42,1288065538.91,534659763.27,753405775.64,14.18,41.51
e977137e-5f48-492f-a1d6-644a6892ef9e,South MN Public Utilities Commission,MN,2024,97250393.5,74599903.28,22650490.22,955285536.88,494623068.92,460662467.96,23.29,51.78
e977137e-5f48-492f-a1d6-644a6892ef9e,South MN Public Utilities Commission,MN,2023,92683514.76,81130031.31,11553483.45,775596632.57,399910179.36,375686453.22,12.47,51.56
e977137e-5f48-492f-a1d6-644a6892ef9e,South MN Public Utilities Commission,MN,2022,88331096.66,70751878.01,17579218.65,1322508591.41,652195115.01,670313476.4,19.9,49.32
e977137e-5f48-492f-a1d6-644a6892ef9e,South MN Public Utilities Commission,MN,2021,84183068.12,68590360.0,15592708.12,847363556.27,396517780.36,450845775.91,18.52,46.79
e977137e-5f48-492f-a1d6-644a6892ef9e,South MN Public Utilities Commission,MN,2020,80229831.01,63237006.45,16992824.57,1058770801.48,429466880.64,629303920.84,21.18,40.56
e977137e-5f48-492f-a1d6-644a6892ef9e,South MN Public Utilities Commission,MN,2019,76462237.93,64744625.42,11717612.51,1075319001.7,589782101.85,485536899.85,15.32,54.85
e977137e-5f48-492f-a1d6-644a6892ef9e,South MN Public Utilities Commission,MN,2018,72871571.03,60851600.09,12019970.95,977754515.68,554814938.64,422939577.04,16.49,56.74
e977137e-5f48-492f-a1d6-644a6892ef9e,South MN Public Utilities Commission,MN,2017,69449521.86,58924979.9,10524541.96,960734251.82,398891640.18,561842611.64,15.15,41.52
e977137e-5f48-492f-a1d6-644a6892ef9e,South MN Public Utilities Commission,MN,2016,66188172.13,55820605.27,10367566.85,780583183.94,413932178.07,366651005.87,15.66,53.03
e977137e-5f48-492f-a1d6-644a6892ef9e,South MN Public Utilities Commission,MN,2015,63079975.38,53375783.84,9704191.55,751410443.86,450403342.76,301007101.09,15.38,59.94
2dd5fb39-6c0d-41d7-800c-d088dd15c2e5,East OH Water Utility,OH,2024,1115248641.36,932752904.83,182495736.54,9770073952.43,4091033154.26,5679040798.17,16.36,41.87
2dd5fb39-6c0d-41d7-800c-d088dd15c2e5,East OH Water Utility,OH,2023,1080995315.63,820115357.17,260879958.47,11710175276.99,6812392570.03,4897782706.97,24.13,58.17
2dd5fb39-6c0d-41d7-800c-d088dd15c2e5,East OH Water Utility,OH,2022,1047794033.62,940543597.5,107250436.11,14845238166.63,8606008305.27,6239229861.36,10.24,57.97
2dd5fb39-6c0d-41d7-800c-d088dd15c2e5,East OH Water Utility,OH,2021,1015612483.24,856957903.51,158654579.73,12146582006.67,6197640844.43,5948941162.24,15.62,51.02
2dd5fb39-6c0d-41d7-800c-d088dd15c2e5,East OH Water Utility,OH,2020,984419344.85,778863578.56,205555766.29,10904373059.23,5290330476.37,5614042582.86,20.88,48.52
2dd5fb39-6c0d-41d7-800c-d088dd15c2e5,East OH Water Utility,OH,2019,954184260.74,733345014.92,220839245.82,10159337569.33,5666370670.49,4492966898.84,23.14,55.78
2dd5fb39-6c0d-41d7-800c-d088dd15c2e5,East OH Water Utility,OH,2018,924877805.59,696514958.41,228362847.18,11971341536.74,6342241746.56,5629099790.17,24.69,52.98
2dd5fb39-6c0d-41d7-800c-d088dd15c2e5,East OH Water Utility,OH,2017,896471457.84,789175430.11,107296027.73,10094977362.56,5750989801.51,4343987561.05,11.97,56.97
2dd5fb39-6c0d-41d7-800c-d088dd15c2e5,East OH Water Utility,OH,2016,868937571.93,766700716.18,102236855.75,11076262645.15,6278231454.29,4798031190.86,11.77,56.68
2dd5fb39-6c0d-41d7-800c-d088dd15c2e5,East OH Water Utility,OH,2015,842249351.39,725131575.32,117117776.07,11872875795.9,6109550467.06,5763325328.83,13.91,51.46
c59c3948-04fd-4196-a5bd-b52c7ac30209,East CO Municipal Water District,CO,2024,61398865.37,49460519.22,11938346.15,825879965.79,341921896.47,483958069.32,19.44,41.4
c59c3948-04fd-4196-a5bd-b52c7ac30209,East CO Municipal Water District,CO,2023,59954286.45,46005678.66,13948607.8,689345206.13,326044921.49,363300284.65,23.27,47.3
c59c3948-04fd-4196-a5bd-b52c7ac30209,East CO Municipal Water District,CO,2022,58543695.27,51794699.17,6748996.1,771788359.7,460731946.47,311056413.23,11.53,59.7
c59c3948-04fd-4196-a5bd-b52c7ac30209,East CO Municipal Water District,CO,2021,57166292.17,47810518.99,9355773.17,494394858.71,260587523.12,233807335.6,16.37,52.71
c59c3948-04fd-4196-a5bd-b52c7ac30209,East CO Municipal Water District,CO,2020,55821296.3,44175510.11,11645786.19,817993811.1,395577393.95,422416417.15,20.86,48.36
c59c3948-04fd-4196-a5bd-b52c7ac30209,East CO Municipal Water District,CO,2019,54507945.2,48051869.19,6456076.0,560480790.0,276054830.02,284425959.98,11.84,49.25
c59c3948-04fd-4196-a5bd-b52c7ac30209,East CO Municipal Water District,CO,2018,53225494.33,45619123.72,7606370.61,571028504.85,253072680.3,317955824.54,14.29,44.32
c59c3948-04fd-4196-a5bd-b52c7ac30209,East CO Municipal Water District,CO,2017,51973216.68,41173755.08,10799461.6,490212436.14,223654796.49,266557639.65,20.78,45.62
c59c3948-04fd-4196-a5bd-b52c7ac30209,East CO Municipal Water District,CO,2016,50750402.34,42435287.75,8315114.59,647919806.51,335343870.3,312575936.21,16.38,51.76
c59c3948-04fd-4196-a5bd-b52c7ac30209,East CO Municipal Water District,CO,2015,49556358.11,40888966.83,8667391.28,596071832.34,244809951.6,351261880.74,17.49,41.07
b0c17650-6ded-4650-8893-4faf5a13628c,East CO Public Utilities Commission,CO,2024,13059427.49,10948489.07,2110938.42,145081325.66,67076511.77,78004813.88,16.16,46.23
b0c17650-6ded-4650-8893-4faf5a13628c,East CO Public Utilities Commission,CO,2023,12562864.33,10404811.39,2158052.94,105120748.82,47130628.2,57990120.62,17.18,44.83
b0c17650-6ded-4650-8893-4faf5a13628c,East CO Public Utilities Commission,CO,2022,12085182.17,9102476.49,2982705.69,96870848.95,41752661.44,55118187.5,24.68,43.1
b0c17650-6ded-4650-8893-4faf5a13628c,East CO Public Utilities Commission,CO,2021,11625663.09,9021762.45,2603900.64,138872136.06,68564250.94,70307885.12,22.4,49.37
b0c17650-6ded-4650-8893-4faf5a13628c,East CO Public Utilities Commission,CO,2020,11183616.46,9791551.12,1392065.34,105568092.33,56829536.03,48738556.31,12.45,53.83
b0c17650-6ded-4650-8893-4faf5a13628c,East CO Public Utilities Commission,CO,2019,10758377.92,8099071.93,2659305.99,118029912.33,68135156.07,49894756.25,24.72,57.73
b0c17650-6ded-4650-8893-4faf5a13628c,East CO Public Utilities Commission,CO,2018,10349308.37,7897903.54,2451404.83,117441391.8,65489050.27,51952341.53,23.69,55.76
b0c17650-6ded-4650-8893-4faf5a13628c,East CO Public Utilities Commission,CO,2017,9955793.02,8696100.13,1259692.89,140689355.87,66126835.22,74562520.65,12.65,47.0
b0c17650-6ded-4650-8893-4faf5a13628c,East CO Public Utilities Commission,CO,2016,9577240.44,7293728.8,2283511.64,109631203.82,48640246.93,60990956.89,23.84,44.37
b0c17650-6ded-4650-8893-4faf5a13628c,East CO Public Utilities Commission,CO,2015,9213081.69,7336416.13,1876665.57,90438666.58,49680698.04,40757968.55,20.37,54.93
26297d72-d59e-42e5-a09f-1e28bf0b6024,County MN Municipal Water District,MN,2024,774193396.39,660424419.23,113768977.17,11486566331.69,4948072408.53,6538493923.16,14.7,43.08
26297d72-d59e-42e5-a09f-1e28bf0b6024,County MN Municipal Water District,MN,2023,752413497.44,662145212.67,90268284.78,8417806890.72,4434718532.19,3983088358.53,12.0,52.68
26297d72-d59e-42e5-a09f-1e28bf0b6024,County MN Municipal Water District,MN,2022,731246318.78,572517627.51,158728691.27,6642407326.02,2758705029.33,3883702296.69,21.71,41.53
26297d72-d59e-42e5-a09f-1e28bf0b6024,County MN Municipal Water District,MN,2021,710674623.12,541384929.75,169289693.37,7992282743.65,4024541879.52,3967740864.12,23.82,50.36
26297d72-d59e-42e5-a09f-1e28bf0b6024,County MN Municipal Water District,MN,2020,690681658.12,518012072.52,172669585.6,5919351850.35,3406274908.78,2513076941.57,25.0,57.54
26297d72-d59e-42e5-a09f-1e28bf0b6024,County MN Municipal Water District,MN,2019,671251142.7,572735913.72,98515228.98,7391032878.13,3792320127.45,3598712750.68,14.68,51.31
26297d72-d59e-42e5-a09f-1e28bf0b6024,County MN Municipal Water District,MN,2018,652367253.84,571299922.07,81067331.76,5473680079.42,2222847541.77,3250832537.64,12.43,40.61
26297d72-d59e-42e5-a09f-1e28bf0b6024,County MN Municipal Water District,MN,2017,634014613.61,507668743.79,126345869.83,8146092442.52,4311129576.27,3834962866.25,19.93,52.92
26297d72-d59e-42e5-a09f-1e28bf0b6024,County MN Municipal Water District,MN,2016,616178276.75,519925576.12,96252700.63,6697578595.29,2759886323.65,3937692271.63,15.62,41.21
26297d72-d59e-42e5-a09f-1e28bf0b6024,County MN Municipal Water District,MN,2015,598843718.4,504657261.44,94186456.95,6909589880.54,3565778586.97,3343811293.57,15.73,51.61
f24163da-0c45-49a9-87de-94a4acea1f7e,South LA Water and Power Department,LA,2024,2355747313.56,1782062946.31,573684367.25,28114491661.81,14277486196.65,13837005465.16,24.35,50.78
f24163da-0c45-49a9-87de-94a4acea1f7e,South LA Water and Power Department,LA,2023,2308439634.41,1776559943.51,531879690.9,18927715489.29,8630487055.46,10297228433.83,23.04,45.6
f24163da-0c45-49a9-87de-94a4acea1f7e,South LA Water and Power Department,LA,2022,2262081979.27,1747228316.56,514853662.7,32492126595.45,14923084513.33,17569042082.13,22.76,45.93
f24163da-0c45-49a9-87de-94a4acea1f7e,South LA Water and Power Department,LA,2021,2216655269.92,1992410752.75,224244517.18,23966114732.36,9648126112.47,14317988619.88,10.12,40.26
f24163da-0c45-49a9-87de-94a4acea1f7e,South LA Water and Power Department,LA,2020,2172140811.31,1729605075.71,442535735.6,27939804843.86,15695724282.08,12244080561.79,20.37,56.18
f24163da-0c45-49a9-87de-94a4acea1f7e,South LA Water and Power Department,LA,2019,2128520283.76,1755714138.79,372806144.98,30817495139.06,13663941996.27,17153553142.79,17.51,44.34
f24163da-0c45-49a9-87de-94a4acea1f7e,South LA Water and Power Department,LA,2018,2085775735.54,1810980622.27,274795113.27,22610856093.83,11648258764.94,10962597328.89,13.17,51.52
f24163da-0c45-49a9-87de-94a4acea1f7e,South LA Water and Power Department,LA,2017,2043889575.37,1590159047.62,453730527.75,20632425086.73,8425785635.12,12206639451.61,22.2,40.84
f24163da-0c45-49a9-87de-94a4acea1f7e,South LA Water and Power Department,LA,2016,2002844565.28,1690892666.5,311951898.79,19760599408.96,8547369105.85,11213230303.11,15.58,43.25
f24163da-0c45-49a9-87de-94a4acea1f7e,South LA Water and Power Department,LA,2015,1962623813.45,1507938721.06,454685092.39,16668366179.24,8865500766.62,7802865412.62,23.17,53.19
19bbe31e-d305-41c6-bcc5-5d68b2702b14,West TX Regional Water System,TX,2024,157912700.21,131244429.73,26668270.48,2168442256.85,1074486544.38,1093955712.47,16.89,49.55
19bbe31e-d305-41c6-bcc5-5d68b2702b14,West TX Regional Water System,TX,2023,152147369.63,135942143.7,16205225.93,1282005056.95,755373963.98,526631092.97,10.65,58.92
19bbe31e-d305-41c6-bcc5-5d68b2702b14,West TX Regional Water System,TX,2022,146592529.0,110057289.67,36535239.33,2164981293.58,908233846.13,1256747447.45,24.92,41.95
19bbe31e-d305-41c6-bcc5-5d68b2702b14,West TX Regional Water System,TX,2021,141240493.42,106148685.51,35091807.91,1902420101.12,1134679161.0,767740940.12,24.85,59.64
19bbe31e-d305-41c6-bcc5-5d68b2702b14,West TX Regional Water System,TX,2020,136083858.55,103401505.28,32682353.27,1662656820.05,875889734.26,786767085.8,24.02,52.68
19bbe31e-d305-41c6-bcc5-5d68b2702b14,West TX Regional Water System,TX,2019,131115490.39,115200923.42,15914566.97,1383026587.91,681087248.75,701939339.16,12.14,49.25
19bbe31e-d305-41c6-bcc5-5d68b2702b14,West TX Regional Water System,TX,2018,126328515.41,101300778.9,25027736.51,1585405016.61,855107770.46,730297246.15,19.81,53.94
19bbe31e-d305-41c6-bcc5-5d68b2702b14,West TX Regional Water System,TX,2017,121716310.99,97381789.05,24334521.94,1586046439.65,659032166.04,927014273.62,19.99,41.55
19bbe31e-d305-41c6-bcc5-5d68b2702b14,West TX Regional Water System,TX,2016,117272496.35,101810147.9,15462348.44,1743232235.91,796035256.19,947196979.72,13.18,45.66
19bbe31e-d305-41c6-bcc5-5d68b2702b14,West TX Regional Water System,TX,2015,112990923.62,99614516.16,13376407.46,918906273.39,419082778.75,499823494.63,11.84,45.61
572025b4-3920-4510-9d52-bcebea0d0d09,County MN Municipal Water District,MN,2024,43505784.34,36951062.84,6554721.49,540881941.4,231342204.05,309539737.34,15.07,42.77
572025b4-3920-4510-9d52-bcebea0d0d09,County MN Municipal Water District,MN,2023,42176876.67,35466081.98,6710794.68,351253569.55,143361053.89,207892515.66,15.91,40.81
572025b4-3920-4510-9d52-bcebea0d0d09,County MN Municipal Water District,MN,2022,40888561.2,35674660.3,5213900.9,466396768.62,241650511.32,224746257.3,12.75,51.81
572025b4-3920-4510-9d52-bcebea0d0d09,County MN Municipal Water District,MN,2021,39639598.02,35479076.94,4160521.07,547954518.36,263522052.04,284432466.33,10.5,48.09
572025b4-3920-4510-9d52-bcebea0d0d09,County MN Municipal Water District,MN,2020,38428785.1,33636651.51,4792133.59,389045902.43,182709969.46,206335932.98,12.47,46.96
572025b4-3920-4510-9d52-bcebea0d0d09,County MN Municipal Water District,MN,2019,37254957.11,33498962.55,3755994.56,487491983.47,291721074.86,195770908.61,10.08,59.84
572025b4-3920-4510-9d52-bcebea0d0d09,County MN Municipal Water District,MN,2018,36116984.33,30859376.79,5257607.54,454863729.98,236682305.95,218181424.03,14.56,52.03
572025b4-3920-4510-9d52-bcebea0d0d09,County MN Municipal Water District,MN,2017,35013771.54,29424004.6,5589766.94,409505985.28,188597740.9,220908244.37,15.96,46.05
572025b4-3920-4510-9d52-bcebea0d0d09,County MN Municipal Water District,MN,2016,33944256.99,30533655.59,3410601.39,390802981.46,184240724.35,206562257.11,10.05,47.14
572025b4-3920-4510-9d52-bcebea0d0d09,County MN Municipal Water District,MN,2015,32907411.33,27917964.17,4989447.16,395198556.96,195302181.11,199896375.84,15.16,49.42
c63a0bf0-18ac-45d1-bce5-69b10d06fe96,East MD County Water District,MD,2024,6015343.16,5086249.52,929093.64,49060903.11,22547840.91,26513062.19,15.45,45.96
c63a0bf0-18ac-45d1-bce5-69b10d06fe96,East MD County Water District,MD,2023,5751049.97,4600096.61,1150953.36,58216878.53,31360879.82,26855998.71,20.01,53.87
c63a0bf0-18ac-45d1-bce5-69b10d06fe96,East MD County Water District,MD,2022,5498368.9,4273808.47,1224560.43,70479549.66,31788331.96,38691217.69,22.27,45.1
c63a0bf0-18ac-45d1-bce5-69b10d06fe96,East MD County Water District,MD,2021,5256789.76,4174347.39,1082442.36,51529905.99,20765265.44,30764640.55,20.59,40.3
c63a0bf0-18ac-45d1-bce5-69b10d06fe96,East MD County Water District,MD,2020,5025824.76,3987105.74,1038719.02,41479146.55,19014013.47,22465133.08,20.67,45.84
c63a0bf0-18ac-45d1-bce5-69b10d06fe96,East MD County Water District,MD,2019,4805007.56,3807266.68,997740.88,41713027.77,22468314.37,19244713.4,20.76,53.86
c63a0bf0-18ac-45d1-bce5-69b10d06fe96,East MD County Water District,MD,2018,4593892.29,4065830.97,528061.32,66998319.18,28056547.56,38941771.62,11.49,41.88
c63a0bf0-18ac-45d1-bce5-69b10d06fe96,East MD County Water District,MD,2017,4392052.69,3771973.97,620078.73,36652570.32,16318990.82,20333579.5,14.12,44.52
c63a0bf0-18ac-45d1-bce5-69b10d06fe96,East MD County Water District,MD,2016,4199081.22,3530803.36,668277.87,52324189.93,29594935.5,22729254.43,15.91,56.56
c63a0bf0-18ac-45d1-bce5-69b10d06fe96,East MD County Water District,MD,2015,4014588.25,3244252.79,770335.46,58840042.41,33500580.9,25339461.51,19.19,56.94
8761d9ea-9c99-498b-8790-efba2f03ac7c,West VA Regional Water Authority,VA,2024,166646688.31,136004353.41,30642334.9,1413665783.31,659682657.94,753983125.37,18.39,46.66
8761d9ea-9c99-498b-8790-efba2f03ac7c,West VA Regional Water Authority,VA,2023,161388902.36,131736072.42,29652829.94,1453862488.31,661099896.02,792762592.29,18.37,45.47
8761d9ea-9c99-498b-8790-efba2f03ac7c,West VA Regional Water Authority,VA,2022,156297002.17,132370433.47,23926568.7,1491110671.62,849231448.45,641879223.17,15.31,56.95
8761d9ea-9c99-498b-8790-efba2f03ac7c,West VA Regional Water Authority,VA,2021,151365753.97,125434771.8,25930982.17,2108764453.19,961001505.79,1147762947.4,17.13,45.57
8761d9ea-9c99-498b-8790-efba2f03ac7c,West VA Regional Water Authority,VA,2020,146590089.1,120492024.13,26098064.97,1244790307.33,517399730.19,727390577.15,17.8,41.57
8761d9ea-9c99-498b-8790-efba2f03ac7c,West VA Regional Water Authority,VA,2019,141965098.84,124412062.68,17553036.16,1237426985.0,520478773.6,716948211.4,12.36,42.06
8761d9ea-9c99-498b-8790-efba2f03ac7c,West VA Regional Water Authority,VA,2018,137486029.32,111528467.82,25957561.5,1476297461.96,656840733.72,819456728.24,18.88,44.49
8761d9ea-9c99-498b-8790-efba2f03ac7c,West VA Regional Water Authority,VA,2017,133148276.67,111667659.04,21480617.63,1558387856.2,666866106.55,891521749.65,16.13,42.79
8761d9ea-9c99-498b-8790-efba2f03ac7c,West VA Regional Water Authority,VA,2016,128947382.28,114330850.81,14616531.47,1392213612.64,633646896.63,758566716.01,11.34,45.51
8761d9ea-9c99-498b-8790-efba2f03ac7c,West VA Regional Water Authority,VA,2015,124879028.2,110515110.23,14363917.97,1343477990.86,778573173.33,564904817.53,11.5,57.95
bb8fc860-290a-45ab-a1e9-4622eee7712a,Central CT Metropolitan Water District,CT,2024,77423260.7,62181197.18,15242063.52,1059385631.87,538534876.03,520850755.84,19.69,50.83
bb8fc860-290a-45ab-a1e9-4622eee7712a,Central CT Metropolitan Water District,CT,2023,74706127.74,57768994.56,16937133.18,724451172.49,392640535.44,331810637.05,22.67,54.2
bb8fc860-290a-45ab-a1e9-4622eee7712a,Central CT Metropolitan Water District,CT,2022,72084351.29,62592827.29,9491524.0,760769641.96,355529142.75,405240499.21,13.17,46.73
bb8fc860-290a-45ab-a1e9-4622eee7712a,Central CT Metropolitan Water District,CT,2021,69554584.85,61927818.38,7626766.47,604791900.48,281241426.95,323550473.53,10.97,46.5
bb8fc860-290a-45ab-a1e9-4622eee7712a,Central CT Metropolitan Water District,CT,2020,67113599.37,57332220.31,9781379.07,942079875.34,508229465.88,433850409.46,14.57,53.95
bb8fc860-290a-45ab-a1e9-4622eee7712a,Central CT Metropolitan Water District,CT,2019,64758279.14,48716487.18,16041791.96,639154964.63,289986136.0,349168828.64,24.77,45.37
bb8fc860-290a-45ab-a1e9-4622eee7712a,Central CT Metropolitan Water District,CT,2018,62485617.76,52119988.78,10365628.98,727394251.3,336573707.1,390820544.21,16.59,46.27
bb8fc860-290a-45ab-a1e9-4622eee7712a,Central CT Metropolitan Water District,CT,2017,60292714.36,50173761.39,10118952.97,865793416.68,472395773.61,393397643.07,16.78,54.56
bb8fc860-290a-45ab-a1e9-4622eee7712a,Central CT Metropolitan Water District,CT,2016,58176769.88,48661758.13,9515011.75,583624157.27,325645708.72,257978448.55,16.36,55.8
bb8fc860-290a-45ab-a1e9-4622eee7712a,Central CT Metropolitan Water District,CT,2015,56135083.47,45967110.29,10167973.19,710881352.49,401455909.68,309425442.8,18.11,56.47
61794ac7-ceb3-4ece-810c-6c41747ddbdd,Central PA Water Department,PA,2024,516078262.41,453434133.7,62644128.71,7232445762.57,3921795697.25,3310650065.32,12.14,54.23
61794ac7-ceb3-4ece-810c-6c41747ddbdd,Central PA Water Department,PA,2023,492197710.63,401521232.37,90676478.26,7307157693.06,4140240414.6,3166917278.46,18.42,56.66
61794ac7-ceb3-4ece-810c-6c41747ddbdd,Central PA Water Department,PA,2022,469422186.52,368096980.68,101325205.84,6653454873.66,3279351438.03,3374103435.63,21.59,49.29
61794ac7-ceb3-4ece-810c-6c41747ddbdd,Central PA Water Department,PA,2021,447700556.98,397341944.16,50358612.82,4866400526.84,2307000259.63,2559400267.21,11.25,47.41
61794ac7-ceb3-4ece-810c-6c41747ddbdd,Central PA Water Department,PA,2020,426984055.03,320489907.49,106494147.53,5144219285.03,2733717546.7,2410501738.33,24.94,53.14
61794ac7-ceb3-4ece-810c-6c41747ddbdd,Central PA Water Department,PA,2019,407226170.27,345377294.11,61848876.16,3869632891.17,2087006896.67,1782625994.5,15.19,53.93
61794ac7-ceb3-4ece-810c-6c41747ddbdd,Central PA Water Department,PA,2018,388382544.5,318936201.61,69446342.89,5730503808.72,2822443331.89,2908060476.83,17.88,49.25
61794ac7-ceb3-4ece-810c-6c41747ddbdd,Central PA Water Department,PA,2017,370410872.11,320079883.73,50330988.38,5403604036.66,2608820588.35,2794783448.31,13.59,48.28
61794ac7-ceb3-4ece-810c-6c41747ddbdd,Central PA Water Department,PA,2016,353270805.08,294330789.65,58940015.43,3722916265.07,2092727685.45,1630188579.62,16.68,56.21
61794ac7-ceb3-4ece-810c-6c41747ddbdd,Central PA Water Department,PA,2015,336923862.44,289364143.93,47559718.51,4252623758.91,2422144257.29,1830479501.62,14.12,56.96
bdea5b2c-7f2f-4d4c-8060-015818900c78,Municipal NC Public Water System,NC,2024,166682610.57,128787221.58,37895388.99,2349312955.56,1208719380.27,1140593575.28,22.74,51.45
bdea5b2c-7f2f-4d4c-8060-015818900c78,Municipal NC Public Water System,NC,2023,161276463.14,125605379.67,35671083.47,1731118276.82,909413048.45,821705228.37,22.12,52.53
bdea5b2c-7f2f-4d4c-8060-015818900c78,Municipal NC Public Water System,NC,2022,156045657.52,138926953.11,17118704.41,1329929635.54,721752501.31,608177134.23,10.97,54.27
bdea5b2c-7f2f-4d4c-8060-015818900c78,Municipal NC Public Water System,NC,2021,150984506.71,132888816.14,18095690.57,2109739796.87,1087265417.37,1022474379.5,11.99,51.54
bdea5b2c-7f2f-4d4c-8060-015818900c78,Municipal NC Public Water System,NC,2020,146087508.16,111853577.66,34233930.49,1276243974.02,749942336.78,526301637.24,23.43,58.76
bdea5b2c-7f2f-4d4c-8060-015818900c78,Municipal NC Public Water System,NC,2019,141349337.79,116991707.35,24357630.44,1311053972.31,599027931.78,712026040.53,17.23,45.69
bdea5b2c-7f2f-4d4c-8060-015818900c78,Municipal NC Public Water System,NC,2018,136764844.2,114354389.42,22410454.78,1577784778.12,870749342.69,707035435.43,16.39,55.19
bdea5b2c-7f2f-4d4c-8060-015818900c78,Municipal NC Public Water System,NC,2017,132329043.08,102496342.81,29832700.27,1217437989.24,539188531.01,678249458.22,22.54,44.29
bdea5b2c-7f2f-4d4c-8060-015818900c78,Municipal NC Public Water System,NC,2016,128037111.77,107638162.6,20398949.17,1854792075.88,1045842176.84,808949899.04,15.93,56.39
bdea5b2c-7f2f-4d4c-8060-015818900c78,Municipal NC Public Water System,NC,2015,123884384.02,109837951.78,14046432.24,1829759159.38,1071513098.18,758246061.21,11.34,58.56
d5112362-1982-4b35-8985-e3384fe2d604,Suburban VA Regional Water Authority,VA,2024,19866053.41,16780393.97,3085659.44,191181595.49,99048543.81,92133051.68,15.53,51.81
d5112362-1982-4b35-8985-e3384fe2d604,Suburban VA Regional Water Authority,VA,2023,19512429.05,15855132.14,3657296.91,276075940.18,113952696.11,162123244.06,18.74,41.28
d5112362-1982-4b35-8985-e3384fe2d604,Suburban VA Regional Water Authority,VA,2022,19165099.35,16510680.69,2654418.67,205384141.47,108918427.51,96465713.95,13.85,53.03
d5112362-1982-4b35-8985-e3384fe2d604,Suburban VA Regional Water Authority,VA,2021,18823952.28,14277383.89,4546568.39,242912081.11,144532884.85,98379196.26,24.15,59.5
d5112362-1982-4b35-8985-e3384fe2d604,Suburban VA Regional Water Authority,VA,2020,18488877.77,15521896.74,2966981.02,211881913.41,87220808.25,124661105.15,16.05,41.16
d5112362-1982-4b35-8985-e3384fe2d604,Suburban VA Regional Water Authority,VA,2019,18159767.73,14578426.22,3581341.51,247864166.22,128670902.72,119193263.49,19.72,51.91
d5112362-1982-4b35-8985-e3384fe2d604,Suburban VA Regional Water Authority,VA,2018,17836515.99,13767091.97,4069424.02,151867051.98,68279629.31,83587422.67,22.82,44.96
d5112362-1982-4b35-8985-e3384fe2d604,Suburban VA Regional Water Authority,VA,2017,17519018.27,14972604.11,2546414.16,179889145.83,99511622.32,80377523.51,14.54,55.32
d5112362-1982-4b35-8985-e3384fe2d604,Suburban VA Regional Water Authority,VA,2016,17207172.15,15446068.07,1761104.08,185153155.39,87143345.14,98009810.25,10.23,47.07
d5112362-1982-4b35-8985-e3384fe2d604,Suburban VA Regional Water Authority,VA,2015,16900877.03,13018178.62,3882698.41,143240623.01,62719411.4,80521211.62,22.97,43.79
8a4eae5e-6e27-4e20-a456-2802f82a21b3,Central NJ Metropolitan Water District,NJ,2024,928622537.07,696949038.74,231673498.32,9413836410.77,4373065082.99,5040771327.78,24.95,46.45
8a4eae5e-6e27-4e20-a456-2802f82a21b3,Central NJ Metropolitan Water District,NJ,2023,918768987.5,710188111.31,208580876.19,7645387305.21,3864371286.23,3781016018.98,22.7,50.55
8a4eae5e-6e27-4e20-a456-2802f82a21b3,Central NJ Metropolitan Water District,NJ,2022,909019993.27,698037856.22,210982137.06,7870675568.88,4200341242.61,3670334326.26,23.21,53.37
8a4eae5e-6e27-4e20-a456-2802f82a21b3,Central NJ Metropolitan Water District,NJ,2021,899374444.95,733218517.89,166155927.06,11446701458.89,5287242951.93,6159458506.96,18.47,46.19
8a4eae5e-6e27-4e20-a456-2802f82a21b3,Central NJ Metropolitan Water District,NJ,2020,889831244.87,776514250.0,113316994.87,8057871897.95,4635757592.66,3422114305.3,12.73,57.53
8a4eae5e-6e27-4e20-a456-2802f82a21b3,Central NJ Metropolitan Water District,NJ,2019,880389307.03,716061452.14,164327854.89,11143918074.9,4500662982.4,6643255092.5,18.67,40.39
8a4eae5e-6e27-4e20-a456-2802f82a21b3,Central NJ Metropolitan Water District,NJ,2018,871047556.94,712449798.57,158597758.37,9240657422.98,4466556996.02,4774100426.97,18.21,48.34
8a4eae5e-6e27-4e20-a456-2802f82a21b3,Central NJ Metropolitan Water District,NJ,2017,861804931.51,703593293.44,158211638.07,10082309935.59,5572922774.96,4509387160.63,18.36,55.27
8a4eae5e-6e27-4e20-a456-2802f82a21b3,Central NJ Metropolitan Water District,NJ,2016,852660378.94,743978248.31,108682130.63,11437369994.45,4652563316.15,6784806678.3,12.75,40.68
8a4eae5e-6e27-4e20-a456-2802f82a21b3,Central NJ Metropolitan Water District,NJ,2015,843612858.59,659539531.85,184073326.75,10032514756.99,4216076316.69,5816438440.3,21.82,42.02
8773da82-ed30-4195-ba9b-4de41b2494d4,South LA Municipal Water District,LA,2024,56608895.0,42493238.71,14115656.29,660145097.79,325725096.94,334420000.85,24.94,49.34
8773da82-ed30-4195-ba9b-4de41b2494d4,South LA Municipal Water District,LA,2023,54579570.11,45048366.34,9531203.77,780554937.99,424807546.5,355747391.49,17.46,54.42
8773da82-ed30-4195-ba9b-4de41b2494d4,South LA Municipal Water District,LA,2022,52622992.79,43142419.36,9480573.43,748714050.67,356089323.52,392624727.15,18.02,47.56
8773da82-ed30-4195-ba9b-4de41b2494d4,South LA Municipal Water District,LA,2021,50736555.17,42134021.45,8602533.72,449440038.74,194042476.02,255397562.72,16.96,43.17
8773da82-ed30-4195-ba9b-4de41b2494d4,South LA Municipal Water District,LA,2020,48917742.87,38415610.27,10502132.6,648320322.96,300103351.62,348216971.34,21.47,46.29
8773da82-ed30-4195-ba9b-4de41b2494d4,South LA Municipal Water District,LA,2019,47164131.65,37634895.21,9529236.44,696165202.91,397397987.09,298767215.82,20.2,57.08
8773da82-ed30-4195-ba9b-4de41b2494d4,South LA Municipal Water District,LA,2018,45473384.18,39492167.41,5981216.77,556463267.08,252222665.98,304240601.1,13.15,45.33
8773da82-ed30-4195-ba9b-4de41b2494d4,South LA Municipal Water District,LA,2017,43843246.89,37176591.5,6666655.39,586088535.21,270101991.62,315986543.6,15.21,46.09
8773da82-ed30-4195-ba9b-4de41b2494d4,South LA Municipal Water District,LA,2016,42271547.03,33148998.23,9122548.81,602387524.33,341857820.34,260529703.99,21.58,56.75
8773da82-ed30-4195-ba9b-4de41b2494d4,South LA Municipal Water District,LA,2015,40756189.73,33598478.29,7157711.44,353968888.72,163531037.23,190437851.49,17.56,46.2
5460f621-59a2-41c0-9de2-0418ef44be42,City MD Regional Water Authority,MD,2024,169136470.0,135516073.71,33620396.29,1431378027.85,708434533.44,722943494.41,19.88,49.49
5460f621-59a2-41c0-9de2-0418ef44be42,City MD Regional Water Authority,MD,2023,164984312.91,144112804.43,20871508.49,1945352109.8,1020842418.55,924509691.25,12.65,52.48
5460f621-59a2-41c0-9de2-0418ef44be42,City MD Regional Water Authority,MD,2022,160934087.76,140304222.34,20629865.42,1710175169.07,723632251.13,986542917.94,12.82,42.31
5460f621-59a2-41c0-9de2-0418ef44be42,City MD Regional Water Authority,MD,2021,156983292.21,133929980.77,23053311.44,1495952417.14,707169992.92,788782424.22,14.69,47.27
5460f621-59a2-41c0-9de2-0418ef44be42,City MD Regional Water Authority,MD,2020,153129485.35,125479487.55,27649997.8,2263313399.7,1149016936.62,1114296463.08,18.06,50.77
5460f621-59a2-41c0-9de2-0418ef44be42,City MD Regional Water Authority,MD,2019,149370286.17,123233168.4,26137117.78,1450913798.27,809668299.99,641245498.27,17.5,55.8
5460f621-59a2-41c0-9de2-0418ef44be42,City MD Regional Water Authority,MD,2018,145703372.16,124193289.19,21510082.96,1939923626.31,922639607.99,1017284018.32,14.76,47.56
5460f621-59a2-41c0-9de2-0418ef44be42,City MD Regional Water Authority,MD,2017,142126477.77,120122044.04,22004433.74,2079449562.84,1130936422.5,948513140.35,15.48,54.39
5460f621-59a2-41c0-9de2-0418ef44be42,City MD Regional Water Authority,MD,2016,138637393.12,109140634.22,29496758.89,1732164518.7,1035930742.35,696233776.35,21.28,59.81
5460f621-59a2-41c0-9de2-0418ef44be42,City MD Regional Water Authority,MD,2015,135233962.54,104295011.27,30938951.27,1628974324.82,867825904.76,761148420.06,22.88,53.27
e1a2d039-49a2-444e-8007-f96d16dad953,Greater CO Public Utilities Commission,CO,2024,57342405.84,44365033.26,12977372.58,565597121.2,246627008.73,318970112.47,22.63,43.6
e1a2d039-49a2-444e-8007-f96d16dad953,Greater CO Public Utilities Commission,CO,2023,56072612.6,48459226.95,7613385.65,834268172.2,333827004.16,500441168.04,13.58,40.01
e1a2d039-49a2-444e-8007-f96d16dad953,Greater CO Public Utilities Commission,CO,2022,54830937.72,45360101.9,9470835.82,473236122.23,233976742.34,239259379.89,17.27,49.44
e1a2d039-49a2-444e-8007-f96d16dad953,Greater CO Public Utilities Commission,CO,2021,53616758.56,43507433.48,10109325.08,729021492.14,324551467.01,404470025.12,18.85,44.52
e1a2d039-49a2-444e-8007-f96d16dad953,Greater CO Public Utilities Commission,CO,2020,52429466.25,43649988.2,8779478.05,464922901.37,240034125.44,224888775.94,16.75,51.63
e1a2d039-49a2-444e-8007-f96d16dad953,Greater CO Public Utilities Commission,CO,2019,51268465.4,41878849.42,9389615.97,731722436.19,292979254.43,438743181.76,18.31,40.04
e1a2d039-49a2-444e-8007-f96d16dad953,Greater CO Public Utilities Commission,CO,2018,50133173.81,43460630.24,6672543.56,687303660.37,387232237.26,300071423.11,13.31,56.34
e1a2d039-49a2-444e-8007-f96d16dad953,Greater CO Public Utilities Commission,CO,2017,49023022.18,41638783.64,7384238.54,612392754.31,345124617.72,267268136.59,15.06,56.36
e1a2d039-49a2-444e-8007-f96d16dad953,Greater CO Public Utilities Commission,CO,2016,47937453.8,38858966.42,9078487.38,592540518.72,261048017.04,331492501.68,18.94,44.06
e1a2d039-49a2-444e-8007-f96d16dad953,Greater CO Public Utilities Commission,CO,2015,46875924.31,37944908.66,8931015.64,686795217.63,284316235.94,402478981.68,19.05,41.4
0578ce83-9ed2-43a4-a7c7-f4736caffc31,Municipal MA Municipal Water District,MA,2024,671179373.63,579119934.48,92059439.15,8994278927.82,4683048398.93,4311230528.89,13.72,52.07
0578ce83-9ed2-43a4-a7c7-f4736caffc31,Municipal MA Municipal Water District,MA,2023,658311914.92,558902677.55,99409237.37,9613421534.55,4132923951.29,5480497583.26,15.1,42.99
0578ce83-9ed2-43a4-a7c7-f4736caffc31,Municipal MA Municipal Water District,MA,2022,645691143.6,499866801.3,145824342.3,8119404148.63,4439966016.89,3679438131.74,22.58,54.68
0578ce83-9ed2-43a4-a7c7-f4736caffc31,Municipal MA Municipal Water District,MA,2021,633312330.34,475008175.93,158304154.41,7975454124.85,3470144898.25,4505309226.6,25.0,43.51
0578ce83-9ed2-43a4-a7c7-f4736caffc31,Municipal MA Municipal Water District,MA,2020,621170836.45,517666632.57,103504203.89,6545267818.08,3535382866.19,3009884951.89,16.66,54.01
0578ce83-9ed2-43a4-a7c7-f4736caffc31,Municipal MA Municipal Water District,MA,2019,609262112.19,462254352.78,147007759.41,6187054635.65,3541668766.52,2645385869.13,24.13,57.24
0578ce83-9ed2-43a4-a7c7-f4736caffc31,Municipal MA Municipal Water District,MA,2018,597581695.03,505607379.7,91974315.33,4806637579.51,2868839668.82,1937797910.69,15.39,59.68
0578ce83-9ed2-43a4-a7c7-f4736caffc31,Municipal MA Municipal Water District,MA,2017,586125208.0,478782374.79,107342833.21,6918287537.43,2867396442.04,4050891095.4,18.31,41.45
0578ce83-9ed2-43a4-a7c7-f4736caffc31,Municipal MA Municipal Water District,MA,2016,574888358.05,472379022.08,102509335.97,6759140828.29,3365193472.75,3393947355.54,17.83,49.79
0578ce83-9ed2-43a4-a7c7-f4736caffc31,Municipal MA Municipal Water District,MA,2015,563866934.41,441247113.41,122619821.0,5273231492.57,3101689808.72,2171541683.85,21.75,58.82
a4b95206-118d-4268-973f-193452edf1fe,Municipal OK Metropolitan Water District,OK,2024,7606746.27,6442970.77,1163775.51,77313278.85,39431677.18,37881601.67,15.3,51.0
a4b95206-118d-4268-973f-193452edf1fe,Municipal OK Metropolitan Water District,OK,2023,7331784.2,6401061.16,930723.04,70661477.76,37695556.59,32965921.17,12.69,53.35
a4b95206-118d-4268-973f-193452edf1fe,Municipal OK Metropolitan Water District,OK,2022,7066761.23,5878242.36,1188518.87,81861207.03,41329418.14,40531788.88,16.82,50.49
a4b95206-118d-4268-973f-193452edf1fe,Municipal OK Metropolitan Water District,OK,2021,6811318.07,5155658.86,1655659.21,55085708.53,29248599.57,25837108.96,24.31,53.1
a4b95206-118d-4268-973f-193452edf1fe,Municipal OK Metropolitan Water District,OK,2020,6565108.45,5231772.49,1333335.96,78476176.19,41372308.57,37103867.62,20.31,52.72
a4b95206-118d-4268-973f-193452edf1fe,Municipal OK Metropolitan Water District,OK,2019,6327798.6,4813048.96,1514749.64,84744874.48,41217911.04,43526963.43,23.94,48.64
a4b95206-118d-4268-973f-193452edf1fe,Municipal OK Metropolitan Water District,OK,2018,6099066.82,4796634.62,1302432.2,79930370.22,46287591.19,33642779.03,21.35,57.91
a4b95206-118d-4268-973f-193452edf1fe,Municipal OK Metropolitan Water District,OK,2017,5878603.04,4571069.76,1307533.28,69138393.15,33894960.42,35243432.73,22.24,49.02
a4b95206-118d-4268-973f-193452edf1fe,Municipal OK Metropolitan Water District,OK,2016,5666108.39,4607249.93,1058858.47,74542762.9,40770513.48,33772249.41,18.69,54.69
a4b95206-118d-4268-973f-193452edf1fe,Municipal OK Metropolitan Water District,OK,2015,5461294.82,4864879.37,596415.45,57839594.74,31288453.61,26551141.13,10.92,54.1
17c1909e-2ede-4c7d-9d1b-48a9a36f6aa5,Central VA Metropolitan Water District,VA,2024,149073049.55,126637366.58,22435682.98,1420256930.49,729219351.52,691037578.96,15.05,51.34
17c1909e-2ede-4c7d-9d1b-48a9a36f6aa5,Central VA Metropolitan Water District,VA,2023,143755845.38,120850011.63,22905833.75,1966353643.19,983839661.81,982513981.38,15.93,50.03
17c1909e-2ede-4c7d-9d1b-48a9a36f6aa5,Central VA Metropolitan Water District,VA,2022,138628297.62,109330793.62,29297504.0,1576195423.61,651506762.8,924688660.81,21.13,41.33
17c1909e-2ede-4c7d-9d1b-48a9a36f6aa5,Central VA Metropolitan Water District,VA,2021,133683641.52,105703705.67,27979935.86,1670064654.24,941085763.19,728978891.05,20.93,56.35
17c1909e-2ede-4c7d-9d1b-48a9a36f6aa5,Central VA Metropolitan Water District,VA,2020,128915353.63,107979189.31,20936164.32,1235912759.9,612838221.59,623074538.3,16.24,49.59
17c1909e-2ede-4c7d-9d1b-48a9a36f6aa5,Central VA Metropolitan Water District,VA,2019,124317143.17,94770704.32,29546438.85,1379917039.41,685950617.94,693966421.47,23.77,49.71
17c1909e-2ede-4c7d-9d1b-48a9a36f6aa5,Central VA Metropolitan Water District,VA,2018,119882943.73,105836331.49,14046612.24,1165634087.32,605563737.7,560070349.63,11.72,51.95
17c1909e-2ede-4c7d-9d1b-48a9a36f6aa5,Central VA Metropolitan Water District,VA,2017,115606905.3,91871905.85,23734999.45,1541176149.63,815302893.4,725873256.23,20.53,52.9
17c1909e-2ede-4c7d-9d1b-48a9a36f6aa5,Central VA Metropolitan Water District,VA,2016,111483386.52,99001728.15,12481658.36,1025500433.0,473699283.18,551801149.82,11.2,46.19
17c1909e-2ede-4c7d-9d1b-48a9a36f6aa5,Central VA Metropolitan Water District,VA,2015,107506947.25,92589461.76,14917485.49,1409195231.07,825837071.71,583358159.36,13.88,58.6
8890d040-962c-417b-b65f-0dbdb0773763,South NC Water Resources,NC,2024,35603387.86,28033044.85,7570343.01,427623486.94,227109699.19,200513787.75,21.26,53.11
8890d040-962c-417b-b65f-0dbdb0773763,South NC Water Resources,NC,2023,34152589.42,29813499.21,4339090.21,314492436.58,155043471.89,159448964.69,12.71,49.3
8890d040-962c-417b-b65f-0dbdb0773763,South NC Water Resources,NC,2022,32760909.41,25481412.76,7279496.65,265371392.05,130343828.68,135027563.37,22.22,49.12
8890d040-962c-417b-b65f-0dbdb0773763,South NC Water Resources,NC,2021,31425938.8,28048272.66,3377666.14,283870110.42,119863326.15,164006784.27,10.75,42.22
8890d040-962c-417b-b65f-0dbdb0773763,South NC Water Resources,NC,2020,30145366.77,25708169.05,4437197.71,366498970.59,187448285.12,179050685.46,14.72,51.15
8890d040-962c-417b-b65f-0dbdb0773763,South NC Water Resources,NC,2019,28916976.61,25214521.17,3702455.44,242987694.82,121336937.2,121650757.62,12.8,49.94
8890d040-962c-417b-b65f-0dbdb0773763,South NC Water Resources,NC,2018,27738641.99,21779035.12,5959606.87,236349870.06,110907029.17,125442840.89,21.48,46.92
8890d040-962c-417b-b65f-0dbdb0773763,South NC Water Resources,NC,2017,26608323.2,21337648.73,5270674.47,233599117.92,97459317.16,136139800.77,19.81,41.72
8890d040-962c-417b-b65f-0dbdb0773763,South NC Water Resources,NC,2016,25524063.64,22750281.22,2773782.41,372095549.89,164410140.94,207685408.95,10.87,44.18
8890d040-962c-417b-b65f-0dbdb0773763,South NC Water Resources,NC,2015,24483986.44,19834360.73,4649625.71,324474600.72,144243996.66,180230604.06,18.99,44.45
e547a8dc-f74a-4606-9ddd-a282b146484d,East MA County Water District,MA,2024,3026670152.2,2472864754.14,553805398.06,28625983499.16,16293866364.71,12332117134.45,18.3,56.92
e547a8dc-f74a-4606-9ddd-a282b146484d,East MA County Water District,MA,2023,2904202381.95,2349947796.95,554254585.0,33253810928.64,15587072397.34,17666738531.29,19.08,46.87
e547a8dc-f74a-4606-9ddd-a282b146484d,East MA County Water District,MA,2022,2786690009.55,2498372367.11,288317642.44,37042382175.77,20476499918.26,16565882257.51,10.35,55.28
e547a8dc-f74a-4606-9ddd-a282b146484d,East MA County Water District,MA,2021,2673932525.35,2149932874.45,523999650.9,36117392368.04,20967428299.68,15149964068.36,19.6,58.05
e547a8dc-f74a-4606-9ddd-a282b146484d,East MA County Water District,MA,2020,2565737532.93,2244479487.7,321258045.24,35496343053.92,19981648289.55,15514694764.37,12.52,56.29
e547a8dc-f74a-4606-9ddd-a282b146484d,East MA County Water District,MA,2019,2461920420.76,1941049417.98,520871002.78,25175945406.35,10442289521.62,14733655884.73,21.16,41.48
e547a8dc-f74a-4606-9ddd-a282b146484d,East MA County Water District,MA,2018,2362304047.22,1946836007.13,415468040.09,34593803881.49,16125216677.74,18468587203.75,17.59,46.61
e547a8dc-f74a-4606-9ddd-a282b146484d,East MA County Water District,MA,2017,2266718438.36,1864377838.64,402340599.72,30259386525.65,12172091725.41,18087294800.24,17.75,40.23
e547a8dc-f74a-4606-9ddd-a282b146484d,East MA County Water District,MA,2016,2175000497.86,1667701595.29,507298902.57,18752501122.81,10771805033.41,7980696089.41,23.32,57.44
e547a8dc-f74a-4606-9ddd-a282b146484d,East MA County Water District,MA,2015,2086993728.75,1657115965.04,429877763.71,30798484342.91,13751520177.46,17046964165.46,20.6,44.65
39db3b25-a915-44c1-960f-e1e954effe7c,Central NJ Metropolitan Water District,NJ,2024,48125574.94,36556512.07,11569062.87,671169280.69,381050318.66,290118962.03,24.04,56.77
39db3b25-a915-44c1-960f-e1e954effe7c,Central NJ Metropolitan Water District,NJ,2023,46541031.13,35907187.38,10633843.76,600156192.66,268733121.1,331423071.56,22.85,44.78
39db3b25-a915-44c1-960f-e1e954effe7c,Central NJ Metropolitan Water District,NJ,2022,45008658.74,35587820.59,9420838.15,402148473.43,210146232.91,192002240.53,20.93,52.26
39db3b25-a915-44c1-960f-e1e954effe7c,Central NJ Metropolitan Water District,NJ,2021,43526739.99,33680463.02,9846276.98,621312477.89,273708692.8,347603785.09,22.62,44.05
39db3b25-a915-44c1-960f-e1e954effe7c,Central NJ Metropolitan Water District,NJ,2020,42093613.71,35298079.15,6795534.56,396985737.29,158803470.68,238182266.61,16.14,40.0
39db3b25-a915-44c1-960f-e1e954effe7c,Central NJ Metropolitan Water District,NJ,2019,40707673.39,34946404.66,5761268.73,541694613.56,320879337.34,220815276.23,14.15,59.24
39db3b25-a915-44c1-960f-e1e954effe7c,Central NJ Metropolitan Water District,NJ,2018,39367365.42,33885969.91,5481395.5,447759938.64,226599347.33,221160591.31,13.92,50.61
39db3b25-a915-44c1-960f-e1e954effe7c,Central NJ Metropolitan Water District,NJ,2017,38071187.34,33366394.91,4704792.43,387710364.84,175263827.58,212446537.25,12.36,45.2
39db3b25-a915-44c1-960f-e1e954effe7c,Central NJ Metropolitan Water District,NJ,2016,36817686.18,32629379.96,4188306.22,379431389.07,210718222.35,168713166.72,11.38,55.54
39db3b25-a915-44c1-960f-e1e954effe7c,Central NJ Metropolitan Water District,NJ,2015,35605456.78,26925384.03,8680072.76,436148944.67,207760914.97,228388029.7,24.38,47.64
d8464df2-587d-4014-8ffc-f6e190380336,West CT Water and Power Department,CT,2024,3202597831.91,2846021706.9,356576125.0,36722432386.24,17172065208.81,19550367177.43,11.13,46.76
d8464df2-587d-4014-8ffc-f6e190380336,West CT Water and Power Department,CT,2023,3078880224.26,2323234901.75,755645322.51,33429754736.25,15874314469.68,17555440266.57,24.54,47.49
d8464df2-587d-4014-8ffc-f6e190380336,West CT Water and Power Department,CT,2022,2959941876.22,2537876287.46,422065588.76,28166176711.54,15330487443.76,12835689267.79,14.26,54.43
d8464df2-587d-4014-8ffc-f6e190380336,West CT Water and Power Department,CT,2021,2845598163.12,2190858945.21,654739217.91,31890244737.28,16872070105.76,15018174631.52,23.01,52.91
d8464df2-587d-4014-8ffc-f6e190380336,West CT Water and Power Department,CT,2020,2735671592.4,2366569186.69,369102405.71,23443577976.84,13546025207.99,9897552768.85,13.49,57.78
d8464df2-587d-4014-8ffc-f6e190380336,West CT Water and Power Department,CT,2019,2629991528.13,2333694831.11,296296697.01,32604596475.14,13793376572.47,18811219902.66,11.27,42.31
d8464df2-587d-4014-8ffc-f6e190380336,West CT Water and Power Department,CT,2018,2528393926.1,2134727219.04,393666707.06,29835769824.36,14812739451.91,15023030372.45,15.57,49.65
d8464df2-587d-4014-8ffc-f6e190380336,West CT Water and Power Department,CT,2017,2430721079.2,1915162896.17,515558183.03,28989067685.51,11846619716.49,17142447969.02,21.21,40.87
d8464df2-587d-4014-8ffc-f6e190380336,West CT Water and Power Department,CT,2016,2336821372.6,1831177058.33,505644314.27,27604598527.94,11646105148.65,15958493379.3,21.64,42.19
d8464df2-587d-4014-8ffc-f6e190380336,West CT Water and Power Department,CT,2015,2246549048.42,1896678747.72,349870300.7,31838468192.74,13476366177.39,18362102015.35,15.57,42.33
68776e6e-6ab5-4de3-a165-0328cb507952,Metro CO County Water District,CO,2024,187779635.46,152711795.65,35067839.81,2163477662.32,1090640831.59,1072836830.73,18.67,50.41
68776e6e-6ab5-4de3-a165-0328cb507952,Metro CO County Water District,CO,2023,181277257.85,156024788.1,25252469.76,2528165629.65,1497635886.29,1030529743.35,13.93,59.24
68776e6e-6ab5-4de3-a165-0328cb507952,Metro CO County Water District,CO,2022,175000042.66,142395355.99,32604686.66,2067539495.1,980129407.24,1087410087.86,18.63,47.41
68776e6e-6ab5-4de3-a165-0328cb507952,Metro CO County Water District,CO,2021,168940193.01,136824540.22,32115652.79,1597757946.97,914453114.11,683304832.86,19.01,57.23
68776e6e-6ab5-4de3-a165-0328cb507952,Metro CO County Water District,CO,2020,163090182.04,136433148.83,26657033.21,1917548799.03,823616616.53,1093932182.5,16.34,42.95
68776e6e-6ab5-4de3-a165-0328cb507952,Metro CO County Water District,CO,2019,157442743.52,130368449.9,27074293.62,1627393482.51,817507397.27,809886085.25,17.2,50.23
68776e6e-6ab5-4de3-a165-0328cb507952,Metro CO County Water District,CO,2018,151990862.82,120825824.16,31165038.66,1859986468.08,913574806.84,946411661.24,20.5,49.12
68776e6e-6ab5-4de3-a165-0328cb507952,Metro CO County Water District,CO,2017,146727768.24,126627831.25,20099936.99,1489748340.55,644193687.6,845554652.95,13.7,43.24
68776e6e-6ab5-4de3-a165-0328cb507952,Metro CO County Water District,CO,2016,141646922.54,118949897.32,22697025.22,1537609453.71,775076403.56,762533050.15,16.02,50.41
68776e6e-6ab5-4de3-a165-0328cb507952,Metro CO County Water District,CO,2015,136742014.86,109048924.49,27693090.37,1156978633.84,529572700.11,627405933.73,20.25,45.77
8afbbda6-38a0-42cf-a4ec-a30245ccf8df,Metro MN Water and Power Department,MN,2024,355126970.38,284887614.12,70239356.25,4894269741.58,2471910610.59,2422359130.99,19.78,50.51
8afbbda6-38a0-42cf-a4ec-a30245ccf8df,Metro MN Water and Power Department,MN,2023,345290221.21,298761526.92,46528694.29,3327080028.18,1626589402.88,1700490625.3,13.48,48.89
8afbbda6-38a0-42cf-a4ec-a30245ccf8df,Metro MN Water and Power Department,MN,2022,335725942.58,272414798.21,63311144.37,4799189345.3,2121088369.42,2678100975.88,18.86,44.2
8afbbda6-38a0-42cf-a4ec-a30245ccf8df,Metro MN Water and Power Department,MN,2021,326426587.25,266052459.61,60374127.64,3323596259.63,1680525224.45,1643071035.18,18.5,50.56
8afbbda6-38a0-42cf-a4ec-a30245ccf8df,Metro MN Water and Power Department,MN,2020,317384817.05,240725989.88,76658827.17,2865493040.94,1329283935.74,1536209105.2,24.15,46.39
8afbbda6-38a0-42cf-a4ec-a30245ccf8df,Metro MN Water and Power Department,MN,2019,308593497.06,273894087.06,34699409.99,2818741197.73,1516302174.7,1302439023.03,11.24,53.79
8afbbda6-38a0-42cf-a4ec-a30245ccf8df,Metro MN Water and Power Department,MN,2018,300045690.0,239388179.75,60657510.24,2408700578.23,1367843348.45,1040857229.78,20.22,56.79
8afbbda6-38a0-42cf-a4ec-a30245ccf8df,Metro MN Water and Power Department,MN,2017,291734650.74,262428978.74,29305672.01,2857736917.5,1592974395.73,1264762521.77,10.05,55.74
8afbbda6-38a0-42cf-a4ec-a30245ccf8df,Metro MN Water and Power Department,MN,2016,283653821.01,216909769.63,66744051.38,3181677392.46,1629608606.54,1552068785.92,23.53,51.22
8afbbda6-38a0-42cf-a4ec-a30245ccf8df,Metro MN Water and Power Department,MN,2015,275796824.16,229847057.77,45949766.39,3273437776.42,1553019210.27,1720418566.15,16.66,47.44
2b46cc7a-d707-4372-a56d-05fc99413f11,Metro MI Water and Sewerage,MI,2024,21607102.41,16610671.53,4996430.87,292373830.87,154115679.54,138258151.33,23.12,52.71
2b46cc7a-d707-4372-a56d-05fc99413f11,Metro MI Water and Sewerage,MI,2023,21064284.55,18004066.35,3060218.2,187506201.66,87609926.42,99896275.24,14.53,46.72
2b46cc7a-d707-4372-a56d-05fc99413f11,Metro MI Water and Sewerage,MI,2022,20535103.47,18267999.77,2267103.7,218170433.38,124795424.98,93375008.4,11.04,57.2
2b46cc7a-d707-4372-a56d-05fc99413f11,Metro MI Water and Sewerage,MI,2021,20019216.59,16169450.65,3849765.93,203859759.63,91509785.94,112349973.69,19.23,44.89
2b46cc7a-d707-4372-a56d-05fc99413f11,Metro MI Water and Sewerage,MI,2020,19516289.91,15632822.67,3883467.24,187642706.84,111659566.72,75983140.12,19.9,59.51
2b46cc7a-d707-4372-a56d-05fc99413f11,Metro MI Water and Sewerage,MI,2019,19025997.85,15626408.83,3399589.03,195114661.6,116063463.14,79051198.46,17.87,59.48
2b46cc7a-d707-4372-a56d-05fc99413f11,Metro MI Water and Sewerage,MI,2018,18548023.01,16453311.33,2094711.69,243238319.87,97516527.73,145721792.13,11.29,40.09
2b46cc7a-d707-4372-a56d-05fc99413f11,Metro MI Water and Sewerage,MI,2017,18082055.95,14030330.29,4051725.66,227228507.75,104365849.91,122862657.84,22.41,45.93
2b46cc7a-d707-4372-a56d-05fc99413f11,Metro MI Water and Sewerage,MI,2016,17627795.0,15422845.27,2204949.73,146991117.01,62927910.59,84063206.41,12.51,42.81
2b46cc7a-d707-4372-a56d-05fc99413f11,Metro MI Water and Sewerage,MI,2015,17184946.08,14244827.84,2940118.24,189177766.67,111284672.78,77893093.9,17.11,58.83
3b5ecdca-afff-4d45-9ef8-46ab28da016e,West NY Water Authority,NY,2024,1832305007.05,1448273447.51,384031559.54,19577808917.12,9670269264.54,9907539652.58,20.96,49.39
3b5ecdca-afff-4d45-9ef8-46ab28da016e,West NY Water Authority,NY,2023,1806871202.34,1543759295.68,263111906.67,14881394796.39,6375152328.69,8506242467.7,14.56,42.84
3b5ecdca-afff-4d45-9ef8-46ab28da016e,West NY Water Authority,NY,2022,1781790438.44,1431101176.44,350689261.99,14586820613.53,5977111077.26,8609709536.27,19.68,40.98
3b5ecdca-afff-4d45-9ef8-46ab28da016e,West NY Water Authority,NY,2021,1757057814.85,1347597478.54,409460336.3,17476762680.85,8096730886.87,9380031793.99,23.3,46.33
3b5ecdca-afff-4d45-9ef8-46ab28da016e,West NY Water Authority,NY,2020,1732668499.12,1353962225.97,378706273.15,23906600469.13,10034700888.86,13871899580.26,21.86,41.97
3b5ecdca-afff-4d45-9ef8-46ab28da016e,West NY Water Authority,NY,2019,1708617725.88,1468247414.15,240370311.73,21156727687.89,8990218118.54,12166509569.35,14.07,42.49
3b5ecdca-afff-4d45-9ef8-46ab28da016e,West NY Water Authority,NY,2018,1684900795.9,1495502427.62,189398368.27,23166949285.94,13180773803.53,9986175482.41,11.24,56.89
3b5ecdca-afff-4d45-9ef8-46ab28da016e,West NY Water Authority,NY,2017,1661513075.17,1417796689.7,243716385.47,14748939178.39,7904696197.94,6844242980.45,14.67,53.6
3b5ecdca-afff-4d45-9ef8-46ab28da016e,West NY Water Authority,NY,2016,1638449994.02,1295417804.42,343032189.6,18104735711.01,7530661246.45,10574074464.56,20.94,41.59
3b5ecdca-afff-4d45-9ef8-46ab28da016e,West NY Water Authority,NY,2015,1615707046.2,1380059488.91,235647557.29,20312414897.25,8718716470.4,11593698426.84,14.58,42.92
bd6a1095-7520-4bc8-838d-dadf0ded5a50,Central FL Water Management District,FL,2024,226241185.48,187175684.13,39065501.35,3187861599.41,1523187366.73,1664674232.67,17.27,47.78
bd6a1095-7520-4bc8-838d-dadf0ded5a50,Central FL Water Management District,FL,2023,216590194.06,179094259.05,37495935.01,2772291564.6,1260500075.44,1511791489.16,17.31,45.47
bd6a1095-7520-4bc8-838d-dadf0ded5a50,Central FL Water Management District,FL,2022,207350894.42,160492805.1,46858089.32,2487100400.02,1224902456.4,1262197943.62,22.6,49.25
bd6a1095-7520-4bc8-838d-dadf0ded5a50,Central FL Water Management District,FL,2021,198505724.61,173864864.85,24640859.76,2404649002.8,1405208874.41,999440128.39,12.41,58.44
bd6a1095-7520-4bc8-838d-dadf0ded5a50,Central FL Water Management District,FL,2020,190037871.86,152511243.98,37526627.89,1864625035.75,858053448.59,1006571587.15,19.75,46.02
bd6a1095-7520-4bc8-838d-dadf0ded5a50,Central FL Water Management District,FL,2019,181931240.58,154273565.9,27657674.68,2421717388.99,1201621079.32,1220096309.67,15.2,49.62
bd6a1095-7520-4bc8-838d-dadf0ded5a50,Central FL Water Management District,FL,2018,174170421.8,138201465.81,35968955.99,2180172505.59,1114056042.8,1066116462.78,20.65,51.1
bd6a1095-7520-4bc8-838d-dadf0ded5a50,Central FL Water Management District,FL,2017,166740663.85,136022783.36,30717880.49,2313108353.32,983855056.41,1329253296.91,18.42,42.53
bd6a1095-7520-4bc8-838d-dadf0ded5a50,Central FL Water Management District,FL,2016,159627844.35,138724811.72,20903032.63,1828352501.06,1042319754.92,786032746.14,13.09,57.01
bd6a1095-7520-4bc8-838d-dadf0ded5a50,Central FL Water Management District,FL,2015,152818443.34,119830979.9,32987463.44,1611716843.15,925653650.97,686063192.18,21.59,57.43
a4e66164-ee7b-48dd-ab87-2f63e2ead55d,Greater WI Metropolitan Water District,WI,2024,1137479443.22,948699642.64,188779800.58,14829918749.8,6171772419.63,8658146330.17,16.6,41.62
a4e66164-ee7b-48dd-ab87-2f63e2ead55d,Greater WI Metropolitan Water District,WI,2023,1115708832.53,909984934.29,205723898.24,14508088152.17,6113358091.97,8394730060.2,18.44,42.14
a4e66164-ee7b-48dd-ab87-2f63e2ead55d,Greater WI Metropolitan Water District,WI,2022,1094354897.05,934219208.55,160135688.5,12320108495.57,7218642121.78,5101466373.78,14.63,58.59
a4e66164-ee7b-48dd-ab87-2f63e2ead55d,Greater WI Metropolitan Water District,WI,2021,1073409661.9,817768136.8,255641525.1,12816261079.42,6989555245.32,5826705834.1,23.82,54.54
a4e66164-ee7b-48dd-ab87-2f63e2ead55d,Greater WI Metropolitan Water District,WI,2020,1052865304.81,872684768.79,180180536.02,13290755095.53,5441225099.58,7849529995.94,17.11,40.94
a4e66164-ee7b-48dd-ab87-2f63e2ead55d,Greater WI Metropolitan Water District,WI,2019,1032714153.24,846916697.22,185797456.02,11286630074.62,6484196777.81,4802433296.81,17.99,57.45
a4e66164-ee7b-48dd-ab87-2f63e2ead55d,Greater WI Metropolitan Water District,WI,2018,1012948681.51,760895972.98,252052708.53,13067483743.25,5526598817.5,7540884925.75,24.88,42.29
a4e66164-ee7b-48dd-ab87-2f63e2ead55d,Greater WI Metropolitan Water District,WI,2017,993561507.94,843930267.92,149631240.02,8963007654.07,3984803160.61,4978204493.46,15.06,44.46
a4e66164-ee7b-48dd-ab87-2f63e2ead55d,Greater WI Metropolitan Water District,WI,2016,974545392.16,861269441.63,113275950.53,8193920408.99,3695328838.06,4498591570.94,11.62,45.1
a4e66164-ee7b-48dd-ab87-2f63e2ead55d,Greater WI Metropolitan Water District,WI,2015,955893232.37,791306834.07,164586398.3,8961129393.12,4333539208.6,4627590184.52,17.22,48.36
3fefa59e-d6aa-4d4a-b4b5-63166845c5cf,County NJ Regional Water Authority,NJ,2024,52264899.31,39795665.62,12469233.69,434678612.67,214444415.34,220234197.33,23.86,49.33
3fefa59e-d6aa-4d4a-b4b5-63166845c5cf,County NJ Regional Water Authority,NJ,2023,50016381.98,39873855.94,10142526.03,658125531.61,334561717.6,323563814.01,20.28,50.84
3fefa59e-d6aa-4d4a-b4b5-63166845c5cf,County NJ Regional Water Authority,NJ,2022,47864599.36,42930439.26,4934160.1,567588148.65,278658181.95,288929966.7,10.31,49.1
3fefa59e-d6aa-4d4a-b4b5-63166845c5cf,County NJ Regional Water Authority,NJ,2021,45805389.78,41157513.2,4647876.58,480006003.98,282582481.6,197423522.38,10.15,58.87
3fefa59e-d6aa-4d4a-b4b5-63166845c5cf,County NJ Regional Water Authority,NJ,2020,43834770.6,36823203.26,7011567.33,446226025.43,242061948.87,204164076.56,16.0,54.25
3fefa59e-d6aa-4d4a-b4b5-63166845c5cf,County NJ Regional Water Authority,NJ,2019,41948930.52,33980933.31,7967997.22,542333379.12,301440519.95,240892859.18,18.99,55.58
3fefa59e-d6aa-4d4a-b4b5-63166845c5cf,County NJ Regional Water Authority,NJ,2018,40144222.23,30833308.76,9310913.47,510943926.47,234200260.07,276743666.4,23.19,45.84
3fefa59e-d6aa-4d4a-b4b5-63166845c5cf,County NJ Regional Water Authority,NJ,2017,38417155.29,31649655.62,6767499.67,502246732.04,213318889.71,288927842.33,17.62,42.47
3fefa59e-d6aa-4d4a-b4b5-63166845c5cf,County NJ Regional Water Authority,NJ,2016,36764389.46,29184222.9,7580166.56,320084908.97,133255258.0,186829650.97,20.62,41.63
3fefa59e-d6aa-4d4a-b4b5-63166845c5cf,County NJ Regional Water Authority,NJ,2015,35182728.19,27418490.24,7764237.95,356340753.9,163233737.93,193107015.96,22.07,45.81
54c2fbf3-0b37-4088-8489-474bb2be1039,Municipal MN Water and Power Department,MN,2024,198496472.99,172197588.26,26298884.74,1940937066.17,1123806233.97,817130832.19,13.25,57.9
54c2fbf3-0b37-4088-8489-474bb2be1039,Municipal MN Water and Power Department,MN,2023,195708490.09,163216040.98,32492449.11,1606911178.95,703698758.41,903212420.55,16.6,43.79
54c2fbf3-0b37-4088-8489-474bb2be1039,Municipal MN Water and Power Department,MN,2022,192959665.81,171841130.64,21118535.18,1643735039.15,977405242.82,666329796.33,10.94,59.46
54c2fbf3-0b37-4088-8489-474bb2be1039,Municipal MN Water and Power Department,MN,2021,190249450.16,164803451.7,25445998.46,2187330579.4,1047691720.14,1139638859.25,13.38,47.9
54c2fbf3-0b37-4088-8489-474bb2be1039,Municipal MN Water and Power Department,MN,2020,187577300.85,165657417.91,21919882.94,1724469078.87,699786626.45,1024682452.42,11.69,40.58
54c2fbf3-0b37-4088-8489-474bb2be1039,Municipal MN Water and Power Department,MN,2019,184942683.22,150838051.29,34104631.93,1814043219.18,792489087.55,1021554131.64,18.44,43.69
54c2fbf3-0b37-4088-8489-474bb2be1039,Municipal MN Water and Power Department,MN,2018,182345070.12,159261528.84,23083541.28,1778481675.69,945240006.37,833241669.32,12.66,53.15
54c2fbf3-0b37-4088-8489-474bb2be1039,Municipal MN Water and Power Department,MN,2017,179783941.8,135616288.02,44167653.78,2012518170.94,837387942.5,1175130228.44,24.57,41.61
54c2fbf3-0b37-4088-8489-474bb2be1039,Municipal MN Water and Power Department,MN,2016,177258785.82,140623148.58,36635637.25,2385300795.54,1324880008.0,1060420787.54,20.67,55.54
54c2fbf3-0b37-4088-8489-474bb2be1039,Municipal MN Water and Power Department,MN,2015,174769096.93,132881242.76,41887854.17,2159308009.47,1104157115.33,1055150894.15,23.97,51.13
65720ce2-5dfe-4128-b074-61d53cc309d4,West CT County Water District,CT,2024,50570564.76,41778443.39,8792121.36,611105941.81,301893134.31,309212807.5,17.39,49.4
65720ce2-5dfe-4128-b074-61d53cc309d4,West CT County Water District,CT,2023,48253880.9,42933326.54,5320554.36,512609492.67,282166030.83,230443461.85,11.03,55.05
65720ce2-5dfe-4128-b074-61d53cc309d4,West CT County Water District,CT,2022,46043326.45,37372565.2,8670761.25,409590879.97,243046794.2,166544085.77,18.83,59.34
65720ce2-5dfe-4128-b074-61d53cc309d4,West CT County Water District,CT,2021,43934039.52,33410162.01,10523877.51,535339760.89,301706986.29,233632774.59,23.95,56.36
65720ce2-5dfe-4128-b074-61d53cc309d4,West CT County Water District,CT,2020,41921380.96,32043596.23,9877784.72,589188470.37,269415059.29,319773411.08,23.56,45.73
65720ce2-5dfe-4128-b074-61d53cc309d4,West CT County Water District,CT,2019,40000924.12,34953413.88,5047510.24,549523930.61,257183150.02,292340780.59,12.62,46.8
65720ce2-5dfe-4128-b074-61d53cc309d4,West CT County Water District,CT,2018,38168445.18,32953817.52,5214627.66,543373771.9,266345284.81,277028487.09,13.66,49.02
65720ce2-5dfe-4128-b074-61d53cc309d4,West CT County Water District,CT,2017,36419913.77,27648225.42,8771688.35,296671062.52,174657766.97,122013295.55,24.08,58.87
65720ce2-5dfe-4128-b074-61d53cc309d4,West CT County Water District,CT,2016,34751484.18,27579199.72,7172284.46,373423363.12,183545563.76,189877799.36,20.64,49.15
65720ce2-5dfe-4128-b074-61d53cc309d4,West CT County Water District,CT,2015,33159486.89,26670578.18,6488908.71,465303377.3,255754120.83,209549256.47,19.57,54.97
8142614c-98b5-4b0b-9435-06a607540803,Suburban MI Water and Sewerage,MI,2024,24162890.59,18709272.88,5453617.71,334190722.65,166091189.17,168099533.48,22.57,49.7
8142614c-98b5-4b0b-9435-06a607540803,Suburban MI Water and Sewerage,MI,2023,23623687.44,18267279.61,5356407.83,189877573.21,86205325.74,103672247.47,22.67,45.4
8142614c-98b5-4b0b-9435-06a607540803,Suburban MI Water and Sewerage,MI,2022,23096516.79,19225914.67,3870602.12,286657784.22,145721189.71,140936594.51,16.76,50.83
8142614c-98b5-4b0b-9435-06a607540803,Suburban MI Water and Sewerage,MI,2021,22581110.13,19295077.62,3286032.51,294564048.68,158473824.09,136090224.59,14.55,53.8
8142614c-98b5-4b0b-9435-06a607540803,Suburban MI Water and Sewerage,MI,2020,22077204.95,18967178.77,3110026.18,230891206.62,113267643.51,117623563.11,14.09,49.06
8142614c-98b5-4b0b-9435-06a607540803,Suburban MI Water and Sewerage,MI,2019,21584544.58,16287595.62,5296948.96,230536936.45,133107092.97,97429843.48,24.54,57.74
8142614c-98b5-4b0b-9435-06a607540803,Suburban MI Water and Sewerage,MI,2018,21102878.1,17017300.26,4085577.84,179312827.68,88788790.46,90524037.22,19.36,49.52
8142614c-98b5-4b0b-9435-06a607540803,Suburban MI Water and Sewerage,MI,2017,20631960.17,18526267.71,2105692.46,190220195.53,106223968.52,83996227.01,10.21,55.84
8142614c-98b5-4b0b-9435-06a607540803,Suburban MI Water and Sewerage,MI,2016,20171550.94,16878556.03,3292994.91,257222612.86,138366215.55,118856397.3,16.32,53.79
8142614c-98b5-4b0b-9435-06a607540803,Suburban MI Water and Sewerage,MI,2015,19721415.89,16193534.13,3527881.76,232699033.45,103821664.38,128877369.07,17.89,44.62
a462a28f-6c63-4407-9ca1-0e0ba1afc6ee,Municipal AZ Metropolitan Water District,AZ,2024,20172603.89,16338131.94,3834471.96,290850759.37,162726460.45,128124298.92,19.01,55.95
a462a28f-6c63-4407-9ca1-0e0ba1afc6ee,Municipal AZ Metropolitan Water District,AZ,2023,19886140.4,17513026.95,2373113.46,245926117.18,102789104.5,143137012.68,11.93,41.8
a462a28f-6c63-4407-9ca1-0e0ba1afc6ee,Municipal AZ Metropolitan Water District,AZ,2022,19603744.87,16945863.35,2657881.52,208763425.74,103348468.97,105414956.77,13.56,49.51
a462a28f-6c63-4407-9ca1-0e0ba1afc6ee,Municipal AZ Metropolitan Water District,AZ,2021,19325359.53,15225695.15,4099664.38,276562143.52,122837349.09,153724794.44,21.21,44.42
a462a28f-6c63-4407-9ca1-0e0ba1afc6ee,Municipal AZ Metropolitan Water District,AZ,2020,19050927.44,16278833.18,2772094.26,187547458.87,92985842.98,94561615.89,14.55,49.58
a462a28f-6c63-4407-9ca1-0e0ba1afc6ee,Municipal AZ Metropolitan Water District,AZ,2019,18780392.45,16518049.94,2262342.51,264472296.17,132368821.76,132103474.4,12.05,50.05
a462a28f-6c63-4407-9ca1-0e0ba1afc6ee,Municipal AZ Metropolitan Water District,AZ,2018,18513699.23,15501692.91,3012006.31,148571432.21,82170409.69,66401022.52,16.27,55.31
a462a28f-6c63-4407-9ca1-0e0ba1afc6ee,Municipal AZ Metropolitan Water District,AZ,2017,18250793.21,14341372.27,3909420.94,169301047.48,83748029.66,85553017.82,21.42,49.47
a462a28f-6c63-4407-9ca1-0e0ba1afc6ee,Municipal AZ Metropolitan Water District,AZ,2016,17991620.63,14873725.37,3117895.25,209370104.26,114166796.97,95203307.29,17.33,54.53
a462a28f-6c63-4407-9ca1-0e0ba1afc6ee,Municipal AZ Metropolitan Water District,AZ,2015,17736128.45,14886805.97,2849322.48,231921853.08,96855445.28,135066407.8,16.07,41.76
86de58e5-12bb-449a-955c-57bc4473635e,City UT County Water District,UT,2024,382222533.81,309358673.51,72863860.3,4930691106.9,2739962841.37,2190728265.53,19.06,55.57
86de58e5-12bb-449a-955c-57bc4473635e,City UT County Water District,UT,2023,368095865.56,301522063.3,66573802.26,3349649321.51,1397087551.02,1952561770.49,18.09,41.71
86de58e5-12bb-449a-955c-57bc4473635e,City UT County Water District,UT,2022,354491308.75,271702752.47,82788556.28,4681104927.18,2685346026.53,1995758900.64,23.35,57.37
86de58e5-12bb-449a-955c-57bc4473635e,City UT County Water District,UT,2021,341389566.52,268717716.09,72671850.42,5038195341.43,2149827363.86,2888367977.57,21.29,42.67
86de58e5-12bb-449a-955c-57bc4473635e,City UT County Water District,UT,2020,328772055.19,252762019.08,76010036.11,2656477084.47,1256982335.61,1399494748.86,23.12,47.32
86de58e5-12bb-449a-955c-57bc4473635e,City UT County Water District,UT,2019,316620877.96,273079015.79,43541862.17,4583290589.07,2145504648.74,2437785940.34,13.75,46.81
86de58e5-12bb-449a-955c-57bc4473635e,City UT County Water District,UT,2018,304918799.44,267045976.06,37872823.37,3132449367.66,1393742036.5,1738707331.17,12.42,44.49
86de58e5-12bb-449a-955c-57bc4473635e,City UT County Water District,UT,2017,293649221.27,254027249.22,39621972.05,2485879744.21,1177980402.88,1307899341.33,13.49,47.39
86de58e5-12bb-449a-955c-57bc4473635e,City UT County Water District,UT,2016,282796158.56,223088312.51,59707846.05,3684742516.21,2137884089.33,1546858426.88,21.11,58.02
86de58e5-12bb-449a-955c-57bc4473635e,City UT County Water District,UT,2015,272344217.19,225541175.22,46803041.96,2794636511.7,1195075278.85,1599561232.86,17.19,42.76
3e3a997f-cac2-4bb7-9905-0e4f859d9657,North KY Public Utilities Commission,KY,2024,306436472.84,259862008.19,46574464.65,3616132554.47,1449266153.95,2166866400.51,15.2,40.08
3e3a997f-cac2-4bb7-9905-0e4f859d9657,North KY Public Utilities Commission,KY,2023,297199318.98,258014781.31,39184537.67,4153601430.2,1854558365.48,2299043064.72,13.18,44.65
3e3a997f-cac2-4bb7-9905-0e4f859d9657,North KY Public Utilities Commission,KY,2022,288240607.85,223059464.7,65181143.15,3907474035.33,1775955699.03,2131518336.3,22.61,45.45
3e3a997f-cac2-4bb7-9905-0e4f859d9657,North KY Public Utilities Commission,KY,2021,279551946.16,229631818.61,49920127.54,2293074848.61,1200692671.96,1092382176.65,17.86,52.36
3e3a997f-cac2-4bb7-9905-0e4f859d9657,North KY Public Utilities Commission,KY,2020,271125193.57,232306738.9,38818454.67,3586581969.5,2002050185.49,1584531784.0,14.32,55.82
3e3a997f-cac2-4bb7-9905-0e4f859d9657,North KY Public Utilities Commission,KY,2019,262952455.17,197268515.82,65683939.35,2623335922.06,1194214775.45,1429121146.61,24.98,45.52
3e3a997f-cac2-4bb7-9905-0e4f859d9657,North KY Public Utilities Commission,KY,2018,255026074.0,203296970.32,51729103.68,2836615592.24,1484149756.54,1352465835.7,20.28,52.32
3e3a997f-cac2-4bb7-9905-0e4f859d9657,North KY Public Utilities Commission,KY,2017,247338623.93,199360088.15,47978535.78,2110758904.66,859725718.37,1251033186.29,19.4,40.73
3e3a997f-cac2-4bb7-9905-0e4f859d9657,North KY Public Utilities Commission,KY,2016,239882902.67,185758264.18,54124638.5,3096626221.89,1295903526.08,1800722695.81,22.56,41.85
3e3a997f-cac2-4bb7-9905-0e4f859d9657,North KY Public Utilities Commission,KY,2015,232651925.04,203640846.38,29011078.66,2372292796.32,1388399708.16,983893088.16,12.47,58.53
3b4bd7f4-e2c5-4e40-8412-574882daa69b,South PA Water Company,PA,2024,1012681300.98,805735820.2,206945480.78,11598097332.63,5638212403.0,5959884929.63,20.44,48.61
3b4bd7f4-e2c5-4e40-8412-574882daa69b,South PA Water Company,PA,2023,987263481.33,811266234.83,175997246.5,14195294390.34,6883165766.06,7312128624.28,17.83,48.49
3b4bd7f4-e2c5-4e40-8412-574882daa69b,South PA Water Company,PA,2022,962483636.88,804678299.07,157805337.81,14285868747.84,8087324452.88,6198544294.95,16.4,56.61
3b4bd7f4-e2c5-4e40-8412-574882daa69b,South PA Water Company,PA,2021,938325754.76,839300046.87,99025707.89,9116985010.51,3871208481.71,5245776528.8,10.55,42.46
3b4bd7f4-e2c5-4e40-8412-574882daa69b,South PA Water Company,PA,2020,914774224.0,767826411.75,146947812.26,8732637447.38,3945231767.7,4787405679.68,16.06,45.18
3b4bd7f4-e2c5-4e40-8412-574882daa69b,South PA Water Company,PA,2019,891813825.48,691670796.97,200143028.51,8730384367.24,4078560328.19,4651824039.06,22.44,46.72
3b4bd7f4-e2c5-4e40-8412-574882daa69b,South PA Water Company,PA,2018,869429722.06,652711613.16,216718108.9,9775712573.42,3970408379.19,5805304194.23,24.93,40.62
3b4bd7f4-e2c5-4e40-8412-574882daa69b,South PA Water Company,PA,2017,847607449.0,727529980.32,120077468.68,10258888044.51,6154410917.22,4104477127.29,14.17,59.99
3b4bd7f4-e2c5-4e40-8412-574882daa69b,South PA Water Company,PA,2016,826332904.63,712474697.3,113858207.33,11623348200.76,6756840407.16,4866507793.6,13.78,58.13
3b4bd7f4-e2c5-4e40-8412-574882daa69b,South PA Water Company,PA,2015,805592341.22,643859614.87,161732726.35,7158761169.22,3934153679.17,3224607490.05,20.08,54.96
0735da42-45bd-41cf-918b-0c591fd99a56,Greater MD Water and Power Department,MD,2024,28710064.3,24390996.91,4319067.39,429930068.4,237629506.8,192300561.61,15.04,55.27
0735da42-45bd-41cf-918b-0c591fd99a56,Greater MD Water and Power Department,MD,2023,27422845.24,23537597.71,3885247.52,226574092.67,105266596.49,121307496.18,14.17,46.46
0735da42-45bd-41cf-918b-0c591fd99a56,Greater MD Water and Power Department,MD,2022,26193338.79,19964135.47,6229203.32,297973736.3,125455607.66,172518128.64,23.78,42.1
0735da42-45bd-41cf-918b-0c591fd99a56,Greater MD Water and Power Department,MD,2021,25018957.41,19412246.97,5606710.44,239884241.99,96963453.31,142920788.68,22.41,40.42
0735da42-45bd-41cf-918b-0c591fd99a56,Greater MD Water and Power Department,MD,2020,23897229.55,18606180.38,5291049.17,232359895.9,111855144.95,120504750.95,22.14,48.14
0735da42-45bd-41cf-918b-0c591fd99a56,Greater MD Water and Power Department,MD,2019,22825794.49,17328189.49,5497605.0,216712917.34,116829869.36,99883047.98,24.09,53.91
0735da42-45bd-41cf-918b-0c591fd99a56,Greater MD Water and Power Department,MD,2018,21802397.35,18729948.91,3072448.44,317034312.34,136829350.89,180204961.46,14.09,43.16
0735da42-45bd-41cf-918b-0c591fd99a56,Greater MD Water and Power Department,MD,2017,20824884.33,18566334.21,2258550.12,186980062.07,85925900.78,101054161.29,10.85,45.95
0735da42-45bd-41cf-918b-0c591fd99a56,Greater MD Water and Power Department,MD,2016,19891198.23,17137398.88,2753799.35,225431659.11,112202875.75,113228783.36,13.84,49.77
0735da42-45bd-41cf-918b-0c591fd99a56,Greater MD Water and Power Department,MD,2015,18999374.05,16044326.63,2955047.42,219394159.48,123441132.89,95953026.58,15.55,56.26
fd143e4f-51c8-4449-abe8-2a16de1198df,West WA County Water District,WA,2024,192605713.98,167921864.98,24683849.0,2258858067.76,1088946704.55,1169911363.21,12.82,48.21
fd143e4f-51c8-4449-abe8-2a16de1198df,West WA County Water District,WA,2023,187195436.91,167784421.17,19411015.73,1939295811.8,1040559778.51,898736033.29,10.37,53.66
fd143e4f-51c8-4449-abe8-2a16de1198df,West WA County Water District,WA,2022,181937134.02,156174026.57,25763107.46,2154467948.28,993416181.47,1161051766.81,14.16,46.11
fd143e4f-51c8-4449-abe8-2a16de1198df,West WA County Water District,WA,2021,176826536.39,144860367.79,31966168.6,2033267844.21,851780914.51,1181486929.7,18.08,41.89
fd143e4f-51c8-4449-abe8-2a16de1198df,West WA County Water District,WA,2020,171859494.99,154490895.23,17368599.75,2096193377.0,1134740300.23,961453076.77,10.11,54.13
fd143e4f-51c8-4449-abe8-2a16de1198df,West WA County Water District,WA,2019,167031977.32,144553540.52,22478436.8,1570128628.07,822275732.26,747852895.81,13.46,52.37
fd143e4f-51c8-4449-abe8-2a16de1198df,West WA County Water District,WA,2018,162340064.2,141737676.89,20602387.3,1391261666.7,782848409.34,608413257.37,12.69,56.27
fd143e4f-51c8-4449-abe8-2a16de1198df,West WA County Water District,WA,2017,157779946.48,133775753.59,24004192.89,2086921599.08,856679231.43,1230242367.65,15.21,41.05
fd143e4f-51c8-4449-abe8-2a16de1198df,West WA County Water District,WA,2016,153347922.06,134838772.5,18509149.57,1522145558.18,822107639.79,700037918.39,12.07,54.01
fd143e4f-51c8-4449-abe8-2a16de1198df,West WA County Water District,WA,2015,149040392.81,116355899.08,32684493.73,2222740839.76,919178716.07,1303562123.69,21.93,41.35
15d710c4-fa36-4c9b-9f37-4d6ce8723f79,Central PA Municipal Water Authority,PA,2024,45130280.95,34093152.75,11037128.2,405752351.86,164943376.53,240808975.33,24.46,40.65
15d710c4-fa36-4c9b-9f37-4d6ce8723f79,Central PA Municipal Water Authority,PA,2023,43007141.95,33289292.76,9717849.19,399279737.67,187967153.38,211312584.29,22.6,47.08
15d710c4-fa36-4c9b-9f37-4d6ce8723f79,Central PA Municipal Water Authority,PA,2022,40983885.31,34197149.13,6786736.18,401430148.27,204565649.07,196864499.2,16.56,50.96
15d710c4-fa36-4c9b-9f37-4d6ce8723f79,Central PA Municipal Water Authority,PA,2021,39055812.1,33906448.7,5149363.4,572574854.54,287232648.1,285342206.44,13.18,50.17
15d710c4-fa36-4c9b-9f37-4d6ce8723f79,Central PA Municipal Water Authority,PA,2020,37218444.46,31532725.32,5685719.13,481940067.75,258025305.35,223914762.4,15.28,53.54
15d710c4-fa36-4c9b-9f37-4d6ce8723f79,Central PA Municipal Water Authority,PA,2019,35467515.16,27218863.47,8248651.69,411570804.85,206674255.46,204896549.39,23.26,50.22
15d710c4-fa36-4c9b-9f37-4d6ce8723f79,Central PA Municipal Water Authority,PA,2018,33798957.75,28573383.71,5225574.04,492782491.11,229832572.81,262949918.3,15.46,46.64
15d710c4-fa36-4c9b-9f37-4d6ce8723f79,Central PA Municipal Water Authority,PA,2017,32208897.06,28248693.96,3960203.1,477744786.65,202143443.8,275601342.86,12.3,42.31
15d710c4-fa36-4c9b-9f37-4d6ce8723f79,Central PA Municipal Water Authority,PA,2016,30693640.25,26772767.67,3920872.58,302033138.29,178680217.92,123352920.37,12.77,59.16
15d710c4-fa36-4c9b-9f37-4d6ce8723f79,Central PA Municipal Water Authority,PA,2015,29249668.19,24171410.59,5078257.6,329136845.45,142830107.71,186306737.74,17.36,43.4
6b32a470-b8b0-4976-ac31-13564ee066e6,Greater CO Regional Water Authority,CO,2024,120899061.41,90817564.72,30081496.69,1507936433.23,866844762.7,641091670.53,24.88,57.49
6b32a470-b8b0-4976-ac31-13564ee066e6,Greater CO Regional Water Authority,CO,2023,117320769.13,99556213.69,17764555.43,1425368095.13,596651238.85,828716856.27,15.14,41.86
6b32a470-b8b0-4976-ac31-13564ee066e6,Greater CO Regional Water Authority,CO,2022,113848384.83,96425213.9,17423170.93,1204978499.66,571200667.69,633777831.97,15.3,47.4
6b32a470-b8b0-4976-ac31-13564ee066e6,Greater CO Regional Water Authority,CO,2021,110478773.91,88984977.44,21493796.47,1126529497.0,638713696.44,487815800.56,19.46,56.7
6b32a470-b8b0-4976-ac31-13564ee066e6,Greater CO Regional Water Authority,CO,2020,107208894.57,91253330.18,15955564.38,1294906521.06,575740357.76,719166163.3,14.88,44.46
6b32a470-b8b0-4976-ac31-13564ee066e6,Greater CO Regional Water Authority,CO,2019,104035794.99,90719419.66,13316375.33,1506339275.34,801970185.02,704369090.32,12.8,53.24
6b32a470-b8b0-4976-ac31-13564ee066e6,Greater CO Regional Water Authority,CO,2018,100956610.77,77643385.92,23313224.86,1104703253.5,534858660.68,569844592.82,23.09,48.42
6b32a470-b8b0-4976-ac31-13564ee066e6,Greater CO Regional Water Authority,CO,2017,97968562.26,81201319.22,16767243.03,1283763065.61,727500848.66,556262216.95,17.11,56.67
6b32a470-b8b0-4976-ac31-13564ee066e6,Greater CO Regional Water Authority,CO,2016,95068952.07,77658548.16,17410403.91,1406492060.45,736568225.91,669923834.53,18.31,52.37
6b32a470-b8b0-4976-ac31-13564ee066e6,Greater CO Regional Water Authority,CO,2015,92255162.67,77157396.04,15097766.62,910140418.28,477919722.63,432220695.65,16.37,52.51
d6202581-56a5-42e7-9cab-d49bed0b9bcc,North FL Water Management District,FL,2024,90253900.19,67835225.26,22418674.93,928638553.03,472544050.59,456094502.44,24.84,50.89
d6202581-56a5-42e7-9cab-d49bed0b9bcc,North FL Water Management District,FL,2023,88390557.53,76930886.49,11459671.04,810998787.07,347639204.68,463359582.39,12.96,42.87
d6202581-56a5-42e7-9cab-d49bed0b9bcc,North FL Water Management District,FL,2022,86565684.63,72709131.24,13856553.39,908072373.07,366770604.03,541301769.04,16.01,40.39
d6202581-56a5-42e7-9cab-d49bed0b9bcc,North FL Water Management District,FL,2021,84778487.25,74637166.33,10141320.92,1004485984.8,455689121.16,548796863.64,11.96,45.37
d6202581-56a5-42e7-9cab-d49bed0b9bcc,North FL Water Management District,FL,2020,83028187.58,65525534.84,17502652.74,807540751.2,478384067.78,329156683.42,21.08,59.24
d6202581-56a5-42e7-9cab-d49bed0b9bcc,North FL Water Management District,FL,2019,81314023.83,72807817.04,8506206.78,884018275.39,434571143.76,449447131.63,10.46,49.16
d6202581-56a5-42e7-9cab-d49bed0b9bcc,North FL Water Management District,FL,2018,79635249.95,63361146.26,16274103.69,1109342046.69,658859338.02,450482708.66,20.44,59.39
d6202581-56a5-42e7-9cab-d49bed0b9bcc,North FL Water Management District,FL,2017,77991135.31,65978777.85,12012357.46,951196445.68,527688151.03,423508294.65,15.4,55.48
d6202581-56a5-42e7-9cab-d49bed0b9bcc,North FL Water Management District,FL,2016,76380964.35,61905830.04,14475134.31,797591236.82,417279959.7,380311277.11,18.95,52.32
d6202581-56a5-42e7-9cab-d49bed0b9bcc,North FL Water Management District,FL,2015,74804036.27,66799609.27,8004427.0,891651933.92,449862739.58,441789194.34,10.7,50.45
7c09ed83-985d-49b7-be1f-a0b6f00b21c8,City CO Metropolitan Water District,CO,2024,858904310.1,691822385.03,167081925.06,10567189669.12,5957927839.82,4609261829.3,19.45,56.38
7c09ed83-985d-49b7-be1f-a0b6f00b21c8,City CO Metropolitan Water District,CO,2023,850039826.79,690235653.32,159804173.46,12321016103.21,5857821327.15,6463194776.05,18.8,47.54
7c09ed83-985d-49b7-be1f-a0b6f00b21c8,City CO Metropolitan Water District,CO,2022,841266831.04,669037580.52,172229250.53,11265423110.36,5160045835.51,6105377274.85,20.47,45.8
7c09ed83-985d-49b7-be1f-a0b6f00b21c8,City CO Metropolitan Water District,CO,2021,832584378.65,717818768.77,114765609.88,10679436085.31,5778911353.2,4900524732.1,13.78,54.11
7c09ed83-985d-49b7-be1f-a0b6f00b21c8,City CO Metropolitan Water District,CO,2020,823991535.14,740172992.33,83818542.81,9129700433.4,3952957413.95,5176743019.45,10.17,43.3
7c09ed83-985d-49b7-be1f-a0b6f00b21c8,City CO Metropolitan Water District,CO,2019,815487375.68,635304186.02,180183189.66,11908476027.65,5140119329.4,6768356698.25,22.1,43.16
7c09ed83-985d-49b7-be1f-a0b6f00b21c8,City CO Metropolitan Water District,CO,2018,807070985.0,681317072.98,125753912.02,8353155722.33,3496734798.96,4856420923.37,15.58,41.86
7c09ed83-985d-49b7-be1f-a0b6f00b21c8,City CO Metropolitan Water District,CO,2017,798741457.26,630854637.09,167886820.17,8009730663.16,3799315413.1,4210415250.06,21.02,47.43
7c09ed83-985d-49b7-be1f-a0b6f00b21c8,City CO Metropolitan Water District,CO,2016,790497895.98,698889329.47,91608566.51,7694604478.06,3698983270.51,3995621207.55,11.59,48.07
7c09ed83-985d-49b7-be1f-a0b6f00b21c8,City CO Metropolitan Water District,CO,2015,782339413.92,600766603.45,181572810.47,6893010209.19,2774947142.95,4118063066.24,23.21,40.26
509ac8bb-7ceb-4965-80ad-c0330ab3cb8f,East VA Water and Power Department,VA,2024,132779399.2,112139927.44,20639471.76,1804373609.1,822559530.89,981814078.21,15.54,45.59
509ac8bb-7ceb-4965-80ad-c0330ab3cb8f,East VA Water and Power Department,VA,2023,126690776.42,101496826.96,25193949.46,1477971390.96,738299489.15,739671901.81,19.89,49.95
509ac8bb-7ceb-4965-80ad-c0330ab3cb8f,East VA Water and Power Department,VA,2022,120881348.52,103722674.33,17158674.19,1101979116.91,546855040.88,555124076.02,14.19,49.62
509ac8bb-7ceb-4965-80ad-c0330ab3cb8f,East VA Water and Power Department,VA,2021,115338312.96,93304986.66,22033326.3,1500010292.71,758175579.44,741834713.27,19.1,50.54
509ac8bb-7ceb-4965-80ad-c0330ab3cb8f,East VA Water and Power Department,VA,2020,110049454.27,98697729.14,11351725.13,1286803812.23,566835110.15,719968702.08,10.32,44.05
509ac8bb-7ceb-4965-80ad-c0330ab3cb8f,East VA Water and Power Department,VA,2019,105003117.13,81424952.44,23578164.69,958675789.14,542762632.3,415913156.84,22.45,56.62
509ac8bb-7ceb-4965-80ad-c0330ab3cb8f,East VA Water and Power Department,VA,2018,100188180.67,85278857.04,14909323.63,1402848914.25,660131976.48,742716937.77,14.88,47.06
509ac8bb-7ceb-4965-80ad-c0330ab3cb8f,East VA Water and Power Department,VA,2017,95594033.98,79965914.81,15628119.16,1223059084.87,666378935.31,556680149.55,16.35,54.48
509ac8bb-7ceb-4965-80ad-c0330ab3cb8f,East VA Water and Power Department,VA,2016,91210552.68,72857764.05,18352788.64,1298744433.42,727582443.95,571161989.47,20.12,56.02
509ac8bb-7ceb-4965-80ad-c0330ab3cb8f,East VA Water and Power Department,VA,2015,87028076.7,74135615.57,12892461.13,795428226.99,349062929.45,446365297.54,14.81,43.88
